//Города + Округ рэд

	CreateDynamicObject(2949, 287.47534, -1446.47876, 22.70376,   0.00000, 0.00000, -59.10001);
	CreateDynamicObject(2949, 287.51849, -1446.54724, 22.70380,   0.00000, 0.00000, -59.10000);
	CreateDynamicObject(1432, 278.44608, -1439.72388, 22.82580,   0.00000, 0.00000, 0.00000);
	CreateDynamicObject(1432, 283.50177, -1438.86194, 22.82508,   0.00000, 0.00000, 60.53999);
	CreateDynamicObject(1432, 287.77573, -1435.52820, 22.81878,   0.00000, 0.00000, 11.27999);
	CreateDynamicObject(1328, 306.59970, -1427.60632, 23.18969,   0.00000, 0.00000, 0.00000);
	CreateDynamicObject(1328, 306.99115, -1428.28186, 23.18969,   0.00000, 0.00000, -39.18000);
	CreateDynamicObject(1227, 309.27463, -1432.09277, 23.53687,   0.00000, 0.00000, -55.13999);
	CreateDynamicObject(1227, 307.82574, -1430.06250, 23.53687,   0.00000, 0.00000, -56.45998);
	CreateDynamicObject(1280, 283.52899, -1448.66248, 23.09452,   0.00000, 0.00000, -54.66001);
	CreateDynamicObject(1280, 289.83334, -1444.71497, 23.09452,   0.00000, 0.00000, -58.85999);
	CreateDynamicObject(1419, 292.76007, -1430.94873, 23.26101,   0.00000, 0.00000, 25.92001);
	CreateDynamicObject(1419, 296.43756, -1429.17822, 23.26101,   0.00000, 0.00000, 25.50001);
	CreateDynamicObject(1419, 300.12674, -1427.44824, 23.26101,   0.00000, 0.00000, 24.36001);
	CreateDynamicObject(1419, 303.84564, -1425.78369, 23.26101,   0.00000, 0.00000, 23.82001);
	CreateDynamicObject(1419, 270.98303, -1442.03467, 23.26101,   0.00000, 0.00000, 38.28002);
	CreateDynamicObject(1419, 267.75955, -1444.52795, 23.26101,   0.00000, 0.00000, 37.56001);
	CreateDynamicObject(1419, 264.50150, -1446.96008, 23.26101,   0.00000, 0.00000, 35.58001);
	CreateDynamicObject(1419, 261.19153, -1449.32764, 23.26101,   0.00000, 0.00000, 35.58001);
	CreateDynamicObject(1257, 335.31204, -1375.24512, 14.72200,   0.00000, 0.00000, 118.56001);
	CreateDynamicObject(1363, 279.92258, -1428.03271, 13.72996,   0.00000, 0.00000, 25.80000);
	CreateDynamicObject(1223, 274.98370, -1433.89368, 12.86545,   0.00000, 0.00000, 26.28000);
	CreateDynamicObject(1223, 272.98920, -1440.78040, 22.67273,   0.00000, 0.00000, -68.76000);
	CreateDynamicObject(1223, 291.79654, -1431.80908, 22.67273,   0.00000, 0.00000, -67.02000);
	CreateDynamicObject(1223, 306.63593, -1426.56348, 22.67273,   0.00000, 0.00000, -238.73984);
	CreateDynamicObject(1223, 259.35281, -1450.87964, 22.67273,   0.00000, 0.00000, -52.67999);
	CreateDynamicObject(1223, 242.98833, -1463.61694, 22.67273,   0.00000, 0.00000, -52.67999);
	CreateDynamicObject(1223, 285.18790, -1448.25256, 21.65900,   0.00000, 0.00000, -230.99994);
	CreateDynamicObject(1223, 288.60907, -1446.13049, 21.65900,   0.00000, 0.00000, -239.81996);
	CreateDynamicObject(1223, 296.92624, -1441.12732, 21.65900,   0.00000, 0.00000, -234.48000);
	CreateDynamicObject(1223, 304.84555, -1436.51990, 21.65900,   0.00000, 0.00000, -234.48000);
	CreateDynamicObject(1223, 275.48914, -1454.99036, 21.65900,   0.00000, 0.00000, -234.48000);
	CreateDynamicObject(1223, 262.91446, -1464.09900, 21.52787,   0.00000, 0.00000, -234.48000);
	CreateDynamicObject(1223, 254.64673, -1471.23035, 21.52787,   0.00000, 0.00000, -224.52003);
	CreateDynamicObject(970, 231.33330, -1427.86328, 12.92000,   0.00000, -0.30000, 43.00000);
	CreateDynamicObject(970, 228.28770, -1430.71252, 12.89290,   0.00000, -0.40000, 43.14000);
	CreateDynamicObject(970, 225.24672, -1433.55029, 12.83482,   0.00000, -0.80000, 43.20000);
	CreateDynamicObject(970, 200.03340, -1460.24536, 12.50000,   0.00000, -1.00000, 49.00000);
	CreateDynamicObject(970, 202.74535, -1457.12305, 12.54100,   0.00000, -0.80000, 48.84001);
	CreateDynamicObject(970, 205.46040, -1453.99854, 12.58797,   0.00000, -0.40000, 48.90001);
	CreateDynamicObject(970, 208.18590, -1450.84448, 12.61933,   0.00000, -0.50000, 49.26000);
	CreateDynamicObject(970, 210.92400, -1447.70129, 12.66400,   0.00000, -0.70000, 48.60000);
	CreateDynamicObject(970, 222.20979, -1436.37085, 12.80320,   0.00000, -0.10000, 42.84000);
	CreateDynamicObject(1223, 290.41092, -1430.05969, 12.86545,   0.00000, 0.00000, 117.12000);
	CreateDynamicObject(1223, 272.26401, -1439.19934, 12.86545,   0.00000, 0.00000, 117.12000);
	CreateDynamicObject(1223, 257.72626, -1449.33093, 12.86545,   0.00000, 0.00000, 117.12000);
	CreateDynamicObject(1223, 241.49203, -1462.17725, 12.86545,   0.00000, 0.00000, 117.12000);
	CreateDynamicObject(1363, 204.04691, -1461.11462, 12.85956,   0.00000, 0.00000, 48.05999);
	CreateDynamicObject(1290, 200.53210, -1454.40613, 18.00545,   0.00000, 0.00000, 45.00000);
	CreateDynamicObject(4597, 188.65758, -1440.49841, 12.43700,   0.00000, 0.00000, -49.50003);
	CreateDynamicObject(4597, 214.99709, -1412.20923, 12.68467,   0.00000, 0.00000, -49.44006);
	CreateDynamicObject(4639, 213.84337, -1441.95520, 13.86764,   0.00000, 0.00000, 134.31996);
	CreateDynamicObject(970, 213.69000, -1444.58728, 12.71800,   0.00000, -0.80000, 48.00000);
	CreateDynamicObject(970, 197.38274, -1460.15649, 12.50000,   0.00000, 0.00000, 128.62000);
	CreateDynamicObject(970, 194.79941, -1456.90015, 12.50000,   0.00000, 0.00000, 128.32001);
	CreateDynamicObject(970, 192.21001, -1453.63000, 12.50000,   0.00000, 0.00000, 128.32001);
	CreateDynamicObject(970, 189.64803, -1450.38013, 12.50000,   0.00000, 0.00000, 128.32001);
	CreateDynamicObject(970, 187.06586, -1447.11755, 12.50000,   0.00000, 0.00000, 128.32001);
	CreateDynamicObject(970, 184.48096, -1443.84888, 12.50000,   0.00000, 0.00000, 128.32001);
	CreateDynamicObject(1290, 189.87387, -1441.86267, 18.00542,   0.00000, 0.00000, 45.00000);
	CreateDynamicObject(1290, 227.12059, -1426.31409, 18.28313,   0.00000, 0.00000, 45.00000);
	CreateDynamicObject(970, 231.54857, -1424.82007, 12.93319,   0.00000, 0.00000, 128.50000);
	CreateDynamicObject(970, 228.88374, -1421.61829, 12.93319,   0.00000, 0.00000, 131.02000);
	CreateDynamicObject(970, 226.14629, -1418.48193, 12.93319,   0.00000, 0.00000, 131.02000);
	CreateDynamicObject(970, 223.42621, -1415.35620, 12.93319,   0.00000, 0.00000, 131.02000);
	CreateDynamicObject(970, 220.70137, -1412.20593, 12.93319,   0.00000, 0.00000, 131.02000);
	CreateDynamicObject(970, 217.96992, -1409.06433, 12.93319,   0.00000, 0.00000, 131.02000);
	CreateDynamicObject(1280, 212.89038, -1442.97632, 12.54486,   0.00000, 0.00000, 45.06002);
	//
	CreateDynamicObject(10838, -1669.14063, 542.80127, 53.70803,   0.00000, 0.00000, 45.00000);
	CreateDynamicObject(10838, -1668.37708, 543.56763, 20.95314,   0.00000, 180.00000, 45.00000);
	CreateDynamicObject(800, -1656.52002, 528.47296, 37.12519,   0.00000, 0.00000, -154.38007);
	CreateDynamicObject(727, -1272.58386, -767.27924, 66.48257,   0.00000, 0.00000, 0.00000);
	CreateDynamicObject(727, -1302.58264, -777.21136, 69.63524,   0.00000, 0.00000, 0.00000);
	CreateDynamicObject(727, -1274.46643, -810.32367, 68.82556,   0.00000, 0.00000, -50.70000);
	CreateDynamicObject(973, -1233.00989, -763.53735, 63.68370,   0.00000, 0.00000, -142.49994);
	CreateDynamicObject(973, -1226.13464, -757.35938, 63.27431,   0.00000, -5.00000, -133.56017);
	CreateDynamicObject(973, -1240.54333, -768.83850, 64.24368,   0.00000, -7.00000, -147.41997);
	CreateDynamicObject(727, -1238.74414, -758.19208, 62.91203,   0.00000, 0.00000, -41.64000);
	CreateDynamicObject(989, -1547.64917, -428.73505, 6.81063,   0.00000, 0.00000, -118.20001);
	CreateDynamicObject(989, -1543.77759, -432.61578, 6.81063,   0.00000, 0.00000, -118.20000);
	CreateDynamicObject(790, -1784.25073, -697.07544, 34.01854,   0.00000, 0.00000, 0.00000);
	CreateDynamicObject(731, -1780.50317, -609.21118, 15.25869,   0.00000, 0.00000, 0.00000);
	CreateDynamicObject(731, -1798.02271, -655.48743, 19.89111,   0.00000, 0.00000, 0.00000);
	CreateDynamicObject(731, -1771.56946, -686.34918, 23.54367,   0.00000, 0.00000, 0.00000);
	CreateDynamicObject(705, -1776.22058, -639.70081, 17.81886,   0.00000, 0.00000, 0.00000);
	CreateDynamicObject(705, -1830.11792, -648.65442, 16.41681,   0.00000, 0.00000, 0.00000);
	CreateDynamicObject(790, -1797.95337, -723.60547, 34.01854,   0.00000, 0.00000, 42.66001);
	CreateDynamicObject(791, -1842.95532, -708.84491, 23.19072,   0.00000, 0.00000, 0.00000);
	CreateDynamicObject(705, -1839.02271, -557.14246, 16.70871,   0.00000, 0.00000, 0.00000);
	CreateDynamicObject(973, -1814.45923, -481.28580, 14.96399,   0.00000, 0.00000, 84.78001);
	CreateDynamicObject(973, -1813.62854, -472.07925, 14.96399,   0.00000, 0.00000, 84.78001);
	CreateDynamicObject(973, -1742.83081, -566.35828, 16.25905,   0.00000, 0.00000, -180.00000);
	CreateDynamicObject(973, -1752.21558, -566.35828, 16.25900,   0.00000, 0.00000, -180.00000);
	CreateDynamicObject(973, -1761.57703, -566.35828, 16.25900,   0.00000, 0.00000, -180.00000);
	CreateDynamicObject(973, -1770.95557, -566.35828, 16.25900,   0.00000, 0.00000, -180.00000);
	CreateDynamicObject(731, -1802.40735, -609.77136, 15.01365,   0.00000, 0.00000, 51.96000);
	CreateDynamicObject(731, -1829.10583, -599.39386, 15.15845,   0.00000, 0.00000, 97.74000);
	CreateDynamicObject(731, -1867.03784, -602.07135, 22.97806,   0.00000, 0.00000, 97.74000);
	CreateDynamicObject(1365, -1902.44751, 223.72418, 35.29690,   0.00000, 0.00000, -80.46000);
	CreateDynamicObject(1260, -1790.51648, -561.20020, 25.20494,   0.00000, 0.00000, 94.31997);
	CreateDynamicObject(731, -2013.91638, -603.67572, 25.64139,   0.00000, 0.00000, 97.74000);
	CreateDynamicObject(731, -2123.94604, -562.87195, 35.83583,   0.00000, 0.00000, 97.74000);
	CreateDynamicObject(731, -2171.16431, -515.29120, 45.49210,   0.00000, 0.00000, 97.74000);
	CreateDynamicObject(654, -2133.48438, -541.15735, 35.08414,   0.00000, 0.00000, 0.00000);
	CreateDynamicObject(654, -2152.52075, -530.03699, 40.21170,   0.00000, 0.00000, 0.00000);
	CreateDynamicObject(654, -2146.02808, -559.06567, 39.94028,   0.00000, 0.00000, 0.00000);
	CreateDynamicObject(654, -2127.08301, -587.35223, 38.91628,   0.00000, 0.00000, 0.00000);
	CreateDynamicObject(654, -2132.89990, -613.39093, 42.01178,   0.00000, 0.00000, 0.00000);
	CreateDynamicObject(654, -2086.58569, -623.67017, 44.87583,   0.00000, 0.00000, 0.00000);
	CreateDynamicObject(654, -2165.06006, -588.60760, 42.41043,   0.00000, 0.00000, 0.00000);
	CreateDynamicObject(731, -2172.14307, -623.87775, 44.43168,   0.00000, 0.00000, 97.74000);
	CreateDynamicObject(654, -2076.36987, -589.38263, 30.68136,   0.00000, 0.00000, 0.00000);
	CreateDynamicObject(654, -2167.25342, -548.26703, 46.08775,   0.00000, 0.00000, 0.00000);
	CreateDynamicObject(731, -2111.33105, -603.39398, 38.61282,   0.00000, 0.00000, 97.74000);
	CreateDynamicObject(708, -1989.35010, -86.62008, 34.96476,   0.00000, 0.00000, 0.00000);
	CreateDynamicObject(973, -2335.47437, -471.03555, 79.75877,   0.00000, 0.00000, 2.04000);
	CreateDynamicObject(973, -2326.91162, -468.31320, 79.77044,   0.00000, 0.00000, 32.63998);
	CreateDynamicObject(973, -2319.87036, -462.34064, 79.77044,   0.00000, 0.00000, 47.75999);
	CreateDynamicObject(1319, -2321.12183, -463.14270, 79.63280,   0.00000, 0.00000, 0.00000);
	CreateDynamicObject(973, -2315.21143, -454.50400, 79.77044,   0.00000, 0.00000, 70.61996);
	CreateDynamicObject(1319, -2315.87036, -455.10892, 79.63280,   0.00000, 0.00000, 0.00000);
	CreateDynamicObject(973, -2313.67773, -445.55844, 79.77044,   0.00000, 0.00000, 89.27993);
	CreateDynamicObject(1319, -2314.16187, -447.56808, 79.63280,   0.00000, 0.00000, 0.00000);
	CreateDynamicObject(979, -2680.48218, -414.88260, 31.37090,   0.00000, -1.00000, -116.46000);
	CreateDynamicObject(979, -2683.05688, -423.66092, 31.39055,   0.00000, 1.00000, -96.42000);
	CreateDynamicObject(979, -2684.15332, -432.78809, 30.91788,   0.00000, 5.00000, -97.43999);
	CreateDynamicObject(979, -2684.78296, -441.89127, 30.05989,   0.00000, 6.00000, -90.96002);
	CreateDynamicObject(979, -2684.78760, -450.86807, 29.12341,   0.00000, 6.00000, -89.58004);
	CreateDynamicObject(654, -2767.70483, -478.65942, 6.45149,   0.00000, 0.00000, 0.00000);
	CreateDynamicObject(654, -2746.50439, -498.91153, 7.07526,   0.00000, 0.00000, 0.00000);
	CreateDynamicObject(973, -2633.28735, -478.53406, 69.23380,   0.00000, -2.00000, -123.18003);
	CreateDynamicObject(973, -2636.79126, -486.91846, 69.55569,   0.00000, -2.00000, -102.30006);
	CreateDynamicObject(973, -2636.53247, -495.90915, 69.88973,   0.00000, -2.00000, -74.82006);
	CreateDynamicObject(973, -2632.31055, -503.91678, 70.39510,   0.00000, -4.00000, -49.92001);
	CreateDynamicObject(973, -2625.19604, -509.51776, 70.95342,   0.00000, -3.00000, -26.82000);
	CreateDynamicObject(979, -2474.18018, -477.04916, 99.61921,   0.00000, 13.00000, -209.45992);
	CreateDynamicObject(979, -2482.50879, -473.49832, 97.76559,   0.00000, 10.00000, -196.79990);
	CreateDynamicObject(979, -2491.36914, -471.60019, 96.17297,   0.00000, 10.00000, -187.67989);
	CreateDynamicObject(973, -1904.86621, -1389.27588, 39.98393,   0.00000, 1.00000, -28.38000);
	CreateDynamicObject(973, -1896.62585, -1393.72510, 39.81920,   0.00000, 1.00000, -28.38000);
	CreateDynamicObject(973, -2346.05884, -797.40344, 93.51112,   0.00000, 4.00000, -26.64000);
	CreateDynamicObject(973, -2353.26050, -791.90833, 94.09547,   0.00000, 3.00000, -47.22001);
	CreateDynamicObject(973, -2337.22852, -799.62158, 92.97565,   0.00000, 3.00000, -2.28000);
	CreateDynamicObject(973, -2328.24438, -798.54095, 92.49722,   0.00000, 3.00000, 15.42001);
	CreateDynamicObject(791, -1571.39319, -1476.06287, 33.47202,   0.00000, 0.00000, 0.00000);
	CreateDynamicObject(791, -1527.43579, -1482.85510, 33.78941,   0.00000, 0.00000, -49.02000);
	CreateDynamicObject(791, -1626.42480, -1542.45654, 33.44021,   0.00000, 0.00000, -49.02000);
	CreateDynamicObject(791, -1584.21301, -1558.65100, 33.17818,   0.00000, 0.00000, -145.07999);
	CreateDynamicObject(731, -1569.23645, -1628.10022, 37.67681,   0.00000, 0.00000, 0.00000);
	CreateDynamicObject(731, -1527.56421, -1588.65674, 37.10731,   0.00000, 0.00000, 0.00000);
	CreateDynamicObject(731, -1501.99536, -1627.85535, 37.28089,   0.00000, 0.00000, 0.00000);
	CreateDynamicObject(973, -1528.15356, -1439.28796, 40.17083,   0.00000, -3.00000, 55.20000);
	CreateDynamicObject(973, -1534.21692, -1446.14001, 39.85087,   0.00000, -1.00000, 42.06002);
	CreateDynamicObject(973, -1542.05261, -1450.48523, 39.76683,   0.00000, 0.00000, 16.38000);
	CreateDynamicObject(973, -1551.15906, -1451.69580, 39.84250,   0.00000, 1.00000, -1.08000);
	CreateDynamicObject(973, -1560.15198, -1449.98621, 40.16609,   0.00000, 3.00000, -20.40001);
	CreateDynamicObject(973, -1568.67395, -1446.29346, 40.65600,   0.00000, 3.00000, -26.34000);
	CreateDynamicObject(731, -1760.32031, -721.89191, 29.60097,   0.00000, 0.00000, 0.00000);
	CreateDynamicObject(731, -1777.48376, -540.74274, 11.59834,   0.00000, 0.00000, -18.72000);
	CreateDynamicObject(731, -1420.61536, -1654.61450, 39.24140,   0.00000, 0.00000, 0.00000);
	CreateDynamicObject(705, -1548.18628, -1637.62915, 38.61035,   0.00000, 0.00000, 0.00000);
	CreateDynamicObject(731, -1526.54614, -1638.95386, 37.36507,   0.00000, 0.00000, 0.00000);
	CreateDynamicObject(791, -1731.47656, -1350.82666, 59.84700,   0.00000, 0.00000, -56.52000);
	CreateDynamicObject(791, -1672.50830, -1394.78186, 54.82276,   0.00000, 0.00000, -56.52000);
	CreateDynamicObject(729, -1988.65527, 402.38477, 33.77234,   0.00000, 0.00000, 0.00000);
	CreateDynamicObject(729, -1987.83948, 365.22729, 32.86255,   0.00000, 0.00000, 0.00000);
	CreateDynamicObject(729, -1979.04395, 330.54489, 33.24425,   0.00000, 0.00000, 0.00000);
	CreateDynamicObject(729, -1951.40369, 322.43433, 32.88341,   0.00000, 0.00000, 0.00000);
	CreateDynamicObject(729, -1963.38232, 369.58289, 33.56522,   0.00000, 0.00000, 0.00000);
	CreateDynamicObject(729, -1922.99866, 376.93909, 36.14920,   0.00000, 0.00000, -48.06000);
	CreateDynamicObject(729, -1951.89063, 388.47763, 33.97561,   0.00000, 0.00000, -48.06000);
	CreateDynamicObject(989, 1955.72058, -2189.77856, 14.30820,   0.00000, 0.00000, 107.04000);
	CreateDynamicObject(989, 1968.21985, -2189.78125, 14.30820,   0.00000, 0.00000, 107.04000);
	CreateDynamicObject(673, 1404.20642, -1403.53967, 13.17969,   356.85840, 0.00000, 3.14159);
	CreateDynamicObject(673, 1405.15564, -1412.57593, 13.17969,   356.85840, 0.00000, 3.14159);
	CreateDynamicObject(673, 1412.60498, -1405.21094, 12.90625,   356.85840, 0.00000, 3.14159);
	CreateDynamicObject(673, 1405.63660, -1437.06543, 13.17969,   356.85840, 0.00000, 3.14159);
	CreateDynamicObject(973, 1402.62866, -1411.00073, 13.52240,   0.00000, 0.00000, -269.93991);
	CreateDynamicObject(973, 1402.63501, -1420.35181, 13.52240,   0.00000, 0.00000, -269.93991);
	CreateDynamicObject(973, 1402.64001, -1429.55017, 13.52240,   0.00000, 0.00000, -269.93991);
	CreateDynamicObject(973, 1415.10352, -1432.49036, 13.52245,   0.00000, 0.00000, -91.44000);
	CreateDynamicObject(973, 1415.20996, -1423.17004, 13.52240,   0.00000, 0.00000, -89.88000);
	CreateDynamicObject(973, 1415.19104, -1413.85486, 13.52240,   0.00000, 0.00000, -89.88000);
	CreateDynamicObject(762, 1836.78174, -1049.73523, 27.71875,   3.03497, 0.13844, 0.73659);
	CreateDynamicObject(729, 1842.62085, -1057.47144, 23.89063,   0.00000, 0.00000, 0.00000);
	CreateDynamicObject(729, 1834.49658, -1062.10376, 23.89063,   0.00000, 0.00000, 0.00000);
	CreateDynamicObject(729, 1832.06189, -1042.34631, 23.89063,   0.00000, 0.00000, 0.00000);
	CreateDynamicObject(729, 1832.64014, -1053.78320, 23.89063,   0.00000, 0.00000, 0.00000);
	CreateDynamicObject(979, 1992.85620, -1000.62610, 28.76133,   0.00000, 10.00000, -122.76000);
	CreateDynamicObject(979, 1987.22705, -1010.20160, 26.89380,   0.00000, 9.00000, -118.98000);
	CreateDynamicObject(970, 1287.49329, -1840.19116, 13.08247,   0.00000, 0.00000, 90.00000);
	CreateDynamicObject(970, 1287.49329, -1836.03174, 13.08250,   0.00000, 0.00000, 90.00000);
	CreateDynamicObject(970, 1287.49329, -1831.86414, 13.08250,   0.00000, 0.00000, 90.00000);
	CreateDynamicObject(970, 1287.49329, -1827.70398, 13.08250,   0.00000, 0.00000, 90.00000);
	CreateDynamicObject(970, 1287.49329, -1823.54016, 13.08250,   0.00000, 0.00000, 90.00000);
	CreateDynamicObject(970, 1287.49329, -1819.37341, 13.08250,   0.00000, 0.00000, 90.00000);
	CreateDynamicObject(970, 1287.49329, -1815.21216, 13.08250,   0.00000, 0.00000, 90.00000);
	CreateDynamicObject(970, 1287.49329, -1811.05090, 13.08250,   0.00000, 0.00000, 90.00000);
	CreateDynamicObject(970, 1287.49329, -1806.89063, 13.08250,   0.00000, 0.00000, 90.00000);
	CreateDynamicObject(970, 1287.49329, -1802.72949, 13.08250,   0.00000, 0.00000, 90.00000);
	CreateDynamicObject(970, 1287.49329, -1798.56750, 13.08250,   0.00000, 0.00000, 90.00000);
	CreateDynamicObject(970, 1287.49329, -1794.40540, 13.08250,   0.00000, 0.00000, 90.00000);
	CreateDynamicObject(973, 235.79784, -1552.85327, 32.85096,   0.00000, -3.10000, -116.28000);
	CreateDynamicObject(973, 239.90421, -1544.54053, 32.34297,   0.00000, -3.10000, -116.28000);
	CreateDynamicObject(973, 244.39929, -1536.45459, 31.92740,   0.00000, -2.00000, -121.86000);
	CreateDynamicObject(973, 249.51021, -1528.99487, 31.78778,   0.00000, 0.00000, -126.78000);
	CreateDynamicObject(973, 255.04395, -1521.57947, 31.79709,   0.00000, 0.00000, -126.78000);
	CreateDynamicObject(973, 260.69415, -1514.22583, 31.88158,   0.00000, 1.00000, -128.39999);
	CreateDynamicObject(973, 266.70142, -1507.14246, 32.12197,   0.00000, 2.00000, -132.17993);
	CreateDynamicObject(973, 272.96002, -1500.22729, 32.40781,   0.00000, 1.50000, -132.17990);
	CreateDynamicObject(7662, 589.64105, -1731.32715, 13.30252,   0.00000, 0.00000, -99.53999);
	CreateDynamicObject(7662, 525.45605, -1722.43884, 12.13432,   1.00000, 0.00000, -97.50000);
	CreateDynamicObject(7662, 455.19022, -1713.24829, 10.40586,   1.50000, 0.00000, -97.92001);
	CreateDynamicObject(7662, 385.30011, -1709.25037, 7.63761,   2.50000, 0.00000, -90.53999);
	CreateDynamicObject(620, 881.81897, -1778.26135, 12.17517,   0.00000, 0.00000, 0.00000);
	CreateDynamicObject(620, 906.50067, -1779.55200, 11.54560,   0.00000, 0.00000, 0.00000);
	CreateDynamicObject(620, 932.29102, -1781.63245, 11.54560,   0.00000, 0.00000, 0.00000);
	CreateDynamicObject(620, 961.35028, -1787.67822, 11.54560,   0.00000, 0.00000, 0.00000);
	CreateDynamicObject(620, 987.39282, -1794.04089, 11.54560,   0.00000, 0.00000, 0.00000);
	CreateDynamicObject(620, 1010.62811, -1800.44348, 11.54569,   0.00000, 0.00000, 0.00000);
	CreateDynamicObject(620, 1049.98303, -1831.51880, 11.54560,   0.00000, 0.00000, 0.00000);
	CreateDynamicObject(620, 1054.70593, -1864.57080, 11.54563,   0.00000, 0.00000, 0.00000);
	CreateDynamicObject(620, 1055.30298, -1892.00623, 11.54560,   0.00000, 0.00000, 0.00000);
	CreateDynamicObject(620, 1056.10632, -1917.61475, 11.54569,   0.00000, 0.00000, 0.00000);
	CreateDynamicObject(620, 1055.93787, -1956.52246, 11.54560,   0.00000, 0.00000, 0.00000);
	CreateDynamicObject(620, 1053.75623, -1991.89197, 11.54560,   0.00000, 0.00000, 0.00000);
	CreateDynamicObject(620, 1050.58167, -2024.75623, 11.54560,   0.00000, 0.00000, 0.00000);
	CreateDynamicObject(620, 1045.63428, -2057.34106, 11.54560,   0.00000, 0.00000, 0.00000);
	CreateDynamicObject(620, 1036.97266, -1812.91431, 11.54560,   0.00000, 0.00000, 0.00000);
	CreateDynamicObject(620, 858.04956, -1776.71228, 11.72115,   0.00000, 0.00000, 0.00000);
	CreateDynamicObject(620, 831.27545, -1776.71045, 11.86678,   0.00000, 0.00000, 0.00000);
	CreateDynamicObject(620, 804.88477, -1777.02002, 12.04601,   0.00000, 0.00000, 0.00000);
	CreateDynamicObject(620, 778.06006, -1775.64807, 11.54560,   0.00000, 0.00000, 0.00000);
	CreateDynamicObject(620, 727.74243, -1765.89429, 13.02451,   0.00000, 0.00000, 0.00000);
	CreateDynamicObject(620, 704.64502, -1758.03650, 12.54141,   0.00000, 0.00000, 0.00000);
	CreateDynamicObject(620, 680.08386, -1749.86670, 12.07200,   0.00000, 0.00000, 0.00000);
	CreateDynamicObject(620, 649.34338, -1741.92810, 12.21892,   0.00000, 0.00000, 0.00000);
	CreateDynamicObject(620, 610.51385, -1734.57751, 11.74527,   0.00000, 0.00000, 0.00000);
	CreateDynamicObject(620, 586.39539, -1730.68884, 11.68536,   0.00000, 0.00000, 0.00000);
	CreateDynamicObject(620, 567.40295, -1728.06909, 11.74562,   0.00000, 0.00000, 0.00000);
	CreateDynamicObject(620, 537.67761, -1724.00525, 11.11224,   0.00000, 0.00000, 0.00000);
	CreateDynamicObject(620, 505.84836, -1719.83826, 10.11099,   0.00000, 0.00000, 0.00000);
	CreateDynamicObject(620, 481.41312, -1716.53284, 9.75569,   0.00000, 0.00000, 0.00000);
	CreateDynamicObject(620, 459.74408, -1713.99023, 8.73829,   0.00000, 0.00000, 0.00000);
	CreateDynamicObject(620, 436.72775, -1710.98682, 8.31618,   0.00000, 0.00000, 0.00000);
	CreateDynamicObject(620, 405.61771, -1709.17834, 7.65338,   0.00000, 0.00000, 0.00000);
	CreateDynamicObject(620, 347.28964, -1708.07690, 5.14244,   0.00000, 0.00000, 0.00000);
	CreateDynamicObject(620, 317.00232, -1704.67346, 4.67014,   0.00000, 0.00000, 0.00000);
	CreateDynamicObject(620, 287.44196, -1697.86426, 5.80652,   0.00000, 0.00000, -0.06000);
	CreateDynamicObject(620, 264.64612, -1688.60400, 6.95104,   0.00000, 0.00000, 0.00000);
	CreateDynamicObject(620, 246.60156, -1677.30627, 8.23650,   0.00000, 0.00000, 0.00000);
	CreateDynamicObject(620, 228.53319, -1660.89954, 10.13728,   0.00000, 0.00000, 0.00000);
	CreateDynamicObject(620, 217.34509, -1647.94006, 11.52168,   0.00000, 0.00000, 0.00000);
	CreateDynamicObject(620, 202.51237, -1629.65894, 12.69698,   0.00000, 0.00000, 0.00000);
	CreateDynamicObject(620, 186.76192, -1610.56604, 13.01592,   0.00000, 0.00000, 0.00000);
	CreateDynamicObject(620, 170.82175, -1590.03113, 12.10758,   0.00000, 0.00000, 0.00000);
	CreateDynamicObject(620, 117.75886, -1545.40674, 6.05721,   0.00000, 0.00000, 0.00000);
	CreateDynamicObject(7191, 1700.28003, -1865.14075, 13.39700,   0.00000, 0.00000, 0.00000);
	CreateDynamicObject(1290, 1305.04248, -1589.98218, 18.25940,   0.00000, 0.00000, 0.00000);
	CreateDynamicObject(1290, 1305.04248, -1607.03162, 18.25940,   0.00000, 0.00000, 0.00000);
	CreateDynamicObject(1290, 1305.04248, -1623.97192, 18.25940,   0.00000, 0.00000, 0.00000);
	CreateDynamicObject(1290, 1305.04248, -1641.23499, 18.25940,   0.00000, 0.00000, 0.00000);
	CreateDynamicObject(1290, 1305.04248, -1658.52710, 18.25940,   0.00000, 0.00000, 0.00000);
	CreateDynamicObject(1290, 1305.04248, -1675.38196, 18.25940,   0.00000, 0.00000, 0.00000);
	CreateDynamicObject(1290, 1305.04248, -1709.22424, 18.25940,   0.00000, 0.00000, 0.00000);
	CreateDynamicObject(1290, 1305.04248, -1725.63135, 18.25940,   0.00000, 0.00000, 0.00000);
	CreateDynamicObject(1290, 1305.04248, -1742.45166, 18.25940,   0.00000, 0.00000, 0.00000);
	CreateDynamicObject(1290, 1305.04248, -1759.71960, 18.25940,   0.00000, 0.00000, 0.00000);
	CreateDynamicObject(1290, 1305.04248, -1792.72791, 18.25940,   0.00000, 0.00000, 0.00000);
	CreateDynamicObject(1290, 1305.04248, -1826.67285, 18.25940,   0.00000, 0.00000, 0.00000);
	CreateDynamicObject(1290, 1305.10291, -1843.29553, 18.25940,   0.00000, 0.00000, 0.00000);
	CreateDynamicObject(615, 1348.51929, -1435.05859, 11.81751,   0.00000, 0.00000, 0.00000);
	CreateDynamicObject(615, 1344.81494, -1461.80359, 11.81751,   0.00000, 0.00000, 0.00000);
	CreateDynamicObject(615, 1335.82776, -1487.31189, 11.81751,   0.00000, 0.00000, 0.00000);
	CreateDynamicObject(615, 1322.57080, -1509.70508, 11.81751,   0.00000, 0.00000, 0.00000);
	CreateDynamicObject(615, 1312.22021, -1529.38953, 11.81751,   0.00000, 0.00000, 0.00000);
	CreateDynamicObject(615, 1306.42212, -1552.62048, 12.06314,   0.00000, 0.00000, 0.00000);
	CreateDynamicObject(615, 1304.74341, -1571.87268, 12.42056,   0.00000, 0.00000, 0.00000);
	CreateDynamicObject(647, 1306.85864, -1555.31702, 13.97074,   0.00000, 0.00000, -28.56000);
	CreateDynamicObject(713, 1304.62585, -1688.28210, 12.51107,   0.00000, 0.00000, -90.05999);
	CreateDynamicObject(713, 1304.61230, -1634.33276, 12.51107,   0.00000, 0.00000, -94.50002);
	CreateDynamicObject(713, 1304.57922, -1596.23120, 12.51110,   0.00000, 0.00000, -120.48000);
	CreateDynamicObject(647, 1053.51648, -1862.37292, 13.96473,   0.00000, 0.00000, 0.00000);
	CreateDynamicObject(647, 1047.49939, -2040.70374, 13.48428,   0.00000, 0.00000, -16.92000);
	CreateDynamicObject(647, 1685.00012, -1875.16870, 13.95221,   0.00000, 0.00000, 0.00000);
	CreateDynamicObject(647, 1679.47717, -1879.25500, 13.95221,   0.00000, 0.00000, 0.00000);
	CreateDynamicObject(790, 25.94489, -1491.30469, 7.37620,   0.00000, 0.00000, 0.00000);
	CreateDynamicObject(693, -57.06873, -1462.90320, 10.72430,   0.00000, 0.00000, 0.00000);
	CreateDynamicObject(3276, -154.43738, -1291.66772, 2.86292,   0.00000, 0.00000, 82.44000);
	CreateDynamicObject(3276, -155.78822, -1303.88464, 2.86292,   0.00000, 0.00000, 83.69999);
	CreateDynamicObject(3276, -157.29987, -1315.69312, 2.86292,   0.00000, 0.00000, 83.69999);
	CreateDynamicObject(3276, -158.24998, -1327.45276, 2.86292,   0.00000, 0.00000, 83.69999);
	CreateDynamicObject(3276, -159.60236, -1339.46033, 2.86292,   0.00000, 0.00000, 86.39997);
	CreateDynamicObject(3276, -159.92122, -1351.48315, 2.86292,   0.00000, 0.00000, 88.73999);
	CreateDynamicObject(3276, -160.42303, -1363.69873, 2.86292,   0.00000, 0.00000, 90.24000);
	CreateDynamicObject(3276, -160.03395, -1375.57214, 2.86292,   0.00000, 0.00000, 91.91999);
	CreateDynamicObject(3276, -159.40169, -1387.65100, 2.86292,   0.00000, 0.00000, 95.40002);
	CreateDynamicObject(3276, -157.80791, -1399.69141, 2.86292,   0.00000, 0.00000, 99.00002);
	CreateDynamicObject(3276, -155.48761, -1411.89905, 2.86292,   0.00000, 0.00000, 104.04003);
	CreateDynamicObject(3276, -152.52762, -1423.70569, 2.82390,   0.00000, 0.00000, 106.68004);
	CreateDynamicObject(3276, -147.70636, -1437.52832, 2.84200,   0.00000, 0.00000, 114.18005);
	CreateDynamicObject(708, -134.97725, -1175.75085, 1.86816,   0.00000, 0.00000, 0.00000);
	CreateDynamicObject(708, -176.80325, -1292.39551, 3.44536,   0.00000, 0.00000, 0.00000);
	CreateDynamicObject(790, -190.56688, -1228.61780, 10.81668,   3.14159, 0.00000, 1.36613);
	CreateDynamicObject(691, -157.26508, -1431.98401, 1.72243,   0.00000, 0.00000, 0.00000);
	CreateDynamicObject(790, -94.56670, -1335.42676, 8.73390,   0.00000, 0.00000, 0.00000);
	CreateDynamicObject(693, -111.63055, -1380.65393, 8.57804,   3.14159, 0.00000, 2.37894);
	CreateDynamicObject(790, -114.82800, -1404.39063, 6.58260,   0.00000, 0.00000, -71.03210);
	CreateDynamicObject(691, -126.56134, -1278.46704, 1.16000,   0.00000, 0.00000, -43.62000);
	CreateDynamicObject(708, -107.43176, -1208.28967, 2.06007,   0.00000, 0.00000, 0.00000);
	CreateDynamicObject(707, -6.31447, -1543.58276, 0.67243,   0.00000, 0.00000, 73.26000);
	CreateDynamicObject(973, -81.16576, -1036.06262, 23.08629,   0.00000, -10.00000, 117.12000);
	CreateDynamicObject(973, -77.81995, -1044.46875, 21.18072,   0.00000, -14.00000, 106.98000);
	CreateDynamicObject(790, -132.79787, -1136.74487, 6.57877,   3.14159, 0.00000, 1.36613);
	CreateDynamicObject(790, -130.15813, -1083.41064, 8.41093,   3.14159, 0.00000, 1.36613);
	CreateDynamicObject(708, -184.44507, -1104.95850, 2.36815,   0.00000, 0.00000, 0.00000);
	CreateDynamicObject(979, -399.09521, -822.53119, 47.45139,   0.00000, -3.00000, -187.73990);
	CreateDynamicObject(979, -408.24545, -821.73651, 47.94450,   0.00000, -3.00000, -182.21992);
	CreateDynamicObject(979, -417.40390, -822.61652, 48.34510,   0.00000, -2.00000, -166.85986);
	CreateDynamicObject(979, -278.87378, -816.72345, 41.60008,   0.00000, 11.00000, 104.22002);
	CreateDynamicObject(979, -281.95422, -808.17694, 39.66904,   0.00000, 13.00000, 115.32000);
	CreateDynamicObject(979, -286.73151, -800.65131, 37.60423,   0.00000, 13.00000, 129.54008);
	CreateDynamicObject(979, -293.28448, -794.47809, 35.84187,   0.00000, 9.00000, 143.82001);
	CreateDynamicObject(973, -874.53754, -1113.17944, 98.37152,   0.00000, 0.00000, 78.05997);
	CreateDynamicObject(973, -876.21954, -1122.23877, 98.62150,   0.00000, 3.00000, 81.00000);
	CreateDynamicObject(973, -877.96057, -1131.28967, 99.52021,   0.00000, 8.00000, 77.34000);
	CreateDynamicObject(979, -720.82666, -1279.48096, 65.65788,   0.00000, -4.00000, 116.52000);
	CreateDynamicObject(979, -725.53064, -1271.58459, 66.30267,   0.00000, -4.00000, 124.92001);
	CreateDynamicObject(979, -732.32977, -1265.64697, 67.03186,   0.00000, -5.00000, 152.63985);
	CreateDynamicObject(979, -741.05658, -1264.08008, 67.92623,   0.00000, -6.00000, 186.65961);
	CreateDynamicObject(979, -749.80359, -1266.71570, 69.07296,   0.00000, -8.00000, 206.93962);
	CreateDynamicObject(707, 83.02798, -1560.80359, 4.24886,   0.00000, 0.00000, 0.00000);
	CreateDynamicObject(669, 109.72540, -1564.10742, 7.20786,   3.14159, 0.00000, 0.59035);
	CreateDynamicObject(669, 77.05627, -1513.25647, 2.90911,   3.14159, 0.00000, 0.59035);
	CreateDynamicObject(7662, 1305.01245, -1818.03845, 13.26480,   0.00000, 0.00000, 0.00000);
	CreateDynamicObject(7662, 1305.01245, -1835.26990, 13.26477,   0.00000, 0.00000, 0.00000);
	CreateDynamicObject(7662, 1305.01245, -1767.87219, 13.26480,   0.00000, 0.00000, 0.00000);
	CreateDynamicObject(7662, 1305.01245, -1751.14624, 13.26480,   0.00000, 0.00000, 0.00000);
	CreateDynamicObject(7662, 1305.01245, -1700.95129, 13.26480,   0.00000, 0.00000, 0.00000);
	CreateDynamicObject(7662, 1305.01245, -1683.45557, 13.26480,   0.00000, 0.00000, 0.00000);
	CreateDynamicObject(7662, 1305.01245, -1632.67468, 13.26480,   0.00000, 0.00000, 0.00000);
	CreateDynamicObject(7662, 1305.01245, -1615.40515, 13.26480,   0.00000, 0.00000, 0.00000);
	CreateDynamicObject(647, 1305.40332, -1564.51709, 13.97074,   0.00000, 0.00000, -2.76000);
	CreateDynamicObject(647, 1305.68628, -1571.34729, 13.97074,   0.00000, 0.00000, -51.90000);
	CreateDynamicObject(790, -26.32362, -1099.14465, 8.41093,   3.14159, 0.00000, 1.36613);
	CreateDynamicObject(7191, 1700.48425, -1865.83044, 13.39700,   0.00000, 0.00000, 180.00000);
	CreateDynamicObject(1290, 1305.04248, -1775.94092, 18.25940,   0.00000, 0.00000, 0.00000);
	CreateDynamicObject(1290, 1305.04248, -1692.04846, 18.25940,   0.00000, 0.00000, 0.00000);
	CreateDynamicObject(16134, 1840.73633, -1048.96802, 17.36035,   0.00000, 0.00000, -78.48000);
	CreateDynamicObject(989, -1218.17505, 68.95701, 14.89234,   0.00000, 0.00000, 152.03990);
	CreateDynamicObject(989, -1228.11414, 59.06488, 14.89234,   0.00000, 0.00000, 152.03990);
	CreateDynamicObject(973, -971.79272, 1320.40076, 39.78170,   0.00000, -1.00000, -162.66003);
	CreateDynamicObject(973, -962.88196, 1323.17725, 39.61518,   0.00000, -1.00000, -162.66003);
	CreateDynamicObject(973, -953.92810, 1325.65259, 39.45543,   0.00000, -1.00000, -166.43997);
	CreateDynamicObject(973, -944.68738, 1326.82776, 39.20636,   0.00000, -2.00000, -179.15994);
	CreateDynamicObject(973, -935.32861, 1326.80530, 38.80827,   0.00000, -3.00000, -180.96001);
	CreateDynamicObject(973, -926.26971, 1325.43518, 38.24871,   0.00000, -4.00000, -196.14021);
	CreateDynamicObject(973, -917.27979, 1322.85266, 37.60199,   0.00000, -4.00000, -195.90021);
	CreateDynamicObject(973, -908.77612, 1319.18970, 36.95400,   0.00000, -4.00000, -210.66025);
	CreateDynamicObject(973, -900.77661, 1314.36938, 36.30525,   0.00000, -4.00000, -211.44022);
	CreateDynamicObject(973, -893.45001, 1308.65845, 35.73273,   0.00000, -3.00000, -224.52010);
	CreateDynamicObject(973, -886.84912, 1302.06165, 35.23767,   0.00000, -3.00000, -225.48010);
	CreateDynamicObject(973, -880.98950, 1294.95447, 34.86250,   0.00000, -1.50000, -235.38010);
	CreateDynamicObject(973, -876.31421, 1286.86682, 34.69886,   0.00000, -0.50000, -244.44020);
	CreateDynamicObject(973, -872.60565, 1278.33167, 34.62716,   0.00000, -0.50000, -248.58017);
	CreateDynamicObject(973, -870.26593, 1269.36475, 34.54003,   0.00000, -0.50000, -262.26035);
	CreateDynamicObject(973, -869.47327, 1260.06470, 34.46059,   0.00000, -0.50000, -267.96024);
	CreateDynamicObject(973, -869.50739, 1250.72534, 34.38141,   0.00000, -0.50000, -272.52029);
	CreateDynamicObject(973, -870.41205, 1241.44128, 34.22519,   0.00000, -1.50000, -278.52017);
	CreateDynamicObject(973, -871.79785, 1232.21045, 33.97630,   0.00000, -1.50000, -278.52020);
	CreateDynamicObject(708, -869.56677, 1223.70630, 32.79395,   0.00000, 0.00000, 0.00000);
	CreateDynamicObject(708, -869.34467, 1279.58740, 32.98618,   0.00000, 0.00000, 0.00000);
	CreateDynamicObject(672, -893.36133, 1231.63354, 34.55791,   0.00000, 0.00000, 0.00000);
	CreateDynamicObject(672, -861.67963, 1252.10083, 33.77695,   0.00000, 0.00000, 0.00000);
	CreateDynamicObject(708, -1561.63940, 1766.88306, 14.82729,   0.00000, 0.00000, 0.00000);
	CreateDynamicObject(708, -1524.90991, 1731.82605, 0.91848,   0.00000, 0.00000, -105.42001);
	CreateDynamicObject(703, -1439.95068, 1682.22681, 17.22874,   0.00000, 0.00000, 0.00000);
	CreateDynamicObject(708, -1010.17493, 1340.69397, 33.05248,   0.00000, 0.00000, 0.00000);
	CreateDynamicObject(708, -1048.65173, 1390.05200, 32.15393,   0.00000, 0.00000, 0.00000);
	CreateDynamicObject(708, -777.61566, 1207.50671, 13.52279,   0.00000, 0.00000, 0.00000);
	CreateDynamicObject(708, -871.12335, 1162.15381, 27.29793,   0.00000, 0.00000, 0.00000);
	CreateDynamicObject(708, -895.29614, 967.77563, 13.38671,   0.00000, 0.00000, 0.00000);
	CreateDynamicObject(700, -1044.96375, 1323.21191, 31.92160,   0.00000, 0.00000, 0.00000);
	CreateDynamicObject(700, -1061.61523, 1350.48340, 30.67905,   0.00000, 0.00000, 0.00000);
	CreateDynamicObject(700, -1078.26050, 1382.92139, 28.49584,   0.00000, 0.00000, 0.00000);
	CreateDynamicObject(700, -1092.19312, 1415.08679, 26.27228,   0.00000, 0.00000, 0.00000);
	CreateDynamicObject(700, -1103.17163, 1449.11243, 25.41772,   0.00000, 0.00000, 0.00000);
	CreateDynamicObject(700, -1110.02686, 1481.99451, 25.10961,   0.00000, 0.00000, 0.00000);
	CreateDynamicObject(705, -973.56671, 1201.71802, 30.89646,   0.00000, 0.00000, 0.00000);
	CreateDynamicObject(705, -851.31177, 811.91223, 18.16094,   0.00000, 0.00000, 0.00000);
	CreateDynamicObject(713, -904.33795, 810.64417, 15.80312,   0.00000, 0.00000, 0.00000);
	CreateDynamicObject(713, -861.00238, 729.17035, 17.24516,   0.00000, 0.00000, 0.00000);
	CreateDynamicObject(713, -895.96045, 754.95563, 11.75955,   0.00000, 0.00000, 0.00000);
	CreateDynamicObject(669, -814.69861, 750.70721, 17.18656,   0.00000, 0.00000, 0.00000);
	CreateDynamicObject(669, -865.18445, 757.70557, 18.54001,   0.00000, 0.00000, 0.00000);
	CreateDynamicObject(669, -823.19653, 717.89044, 17.85130,   0.00000, 0.00000, 0.00000);
	CreateDynamicObject(708, -737.78632, 728.50562, 15.90301,   0.00000, 0.00000, 0.00000);
	CreateDynamicObject(708, -397.06821, 597.98419, 14.84845,   0.00000, 0.00000, 0.00000);
	CreateDynamicObject(708, -272.14917, 658.89563, 17.39252,   0.00000, 0.00000, 0.00000);
	CreateDynamicObject(708, -359.13757, 705.87549, 28.40814,   0.00000, 0.00000, 0.00000);
	CreateDynamicObject(769, -110.55856, 660.59589, 17.01670,   0.00000, 0.00000, 0.00000);
	CreateDynamicObject(769, -301.63345, 738.87689, 25.73653,   0.00000, 0.00000, 0.00000);
	CreateDynamicObject(769, -466.95242, 713.83710, 16.12296,   0.00000, 0.00000, 0.00000);
	CreateDynamicObject(769, -329.77905, 636.01862, 16.50026,   0.00000, 0.00000, 0.00000);
	CreateDynamicObject(769, -404.62900, 657.12762, 21.40114,   0.00000, 0.00000, -56.10000);
	CreateDynamicObject(769, -106.10556, 517.53564, 4.98857,   0.00000, 0.00000, 0.00000);
	CreateDynamicObject(769, 109.61269, 595.77142, 6.90455,   0.00000, 0.00000, 0.00000);
	CreateDynamicObject(708, -62.18376, 531.48492, 4.63288,   0.00000, 0.00000, 0.00000);
	CreateDynamicObject(708, -260.89130, 524.03772, 11.87961,   0.00000, 0.00000, 0.00000);
	CreateDynamicObject(707, 276.53165, 648.91351, 6.50088,   0.00000, 0.00000, 0.00000);
	CreateDynamicObject(708, 366.79663, 720.57007, 5.25870,   0.00000, 0.00000, 0.00000);
	CreateDynamicObject(708, 582.46832, 324.32437, 16.79832,   0.00000, 0.00000, 0.00000);
	CreateDynamicObject(708, 635.64484, 272.38269, 18.69645,   0.00000, 0.00000, 0.00000);
	CreateDynamicObject(709, 897.97852, 293.38651, 21.93757,   0.00000, 0.00000, 0.00000);
	CreateDynamicObject(709, 614.49719, 377.26913, 15.97470,   0.00000, 0.00000, 0.00000);
	CreateDynamicObject(709, 1585.90015, 99.61274, 33.40776,   0.00000, 0.00000, -33.48000);
	CreateDynamicObject(672, 1583.20715, 112.38087, 30.44670,   0.00000, 0.00000, 0.00000);
	CreateDynamicObject(672, 1679.95874, 162.35791, 28.83530,   0.00000, 0.00000, 0.00000);
	CreateDynamicObject(709, 1736.05579, 142.01814, 28.72330,   0.00000, 0.00000, 0.00000);
	CreateDynamicObject(709, 1762.02600, 319.48523, 17.01111,   0.00000, 0.00000, 0.00000);
	CreateDynamicObject(709, 1561.35083, 317.64825, 17.05787,   0.00000, 0.00000, 0.00000);
	CreateDynamicObject(690, 1776.09949, 413.15582, 16.49490,   0.00000, 0.00000, 0.00000);
	CreateDynamicObject(690, 1870.88989, 394.87360, 17.94039,   0.00000, 0.00000, 0.00000);
	CreateDynamicObject(706, 1683.80249, 80.32755, 27.94469,   0.00000, 0.00000, 0.00000);
	CreateDynamicObject(706, 1304.43555, -53.82055, 32.60257,   0.00000, 0.00000, 0.00000);
	CreateDynamicObject(790, 1260.03931, -75.47708, 39.32513,   0.00000, 0.00000, 0.00000);
	CreateDynamicObject(790, 1303.47583, 81.42811, 25.19740,   0.00000, 0.00000, 0.00000);
	CreateDynamicObject(790, 1226.65161, 12.00118, 31.65445,   0.00000, 0.00000, 0.00000);
	CreateDynamicObject(790, 1385.40686, 63.12175, 31.15001,   0.00000, 0.00000, 0.00000);
	CreateDynamicObject(790, 1414.06299, -17.25670, 31.16698,   0.00000, 0.00000, 0.00000);
	CreateDynamicObject(790, 1489.72144, -42.41211, 24.80659,   0.00000, 0.00000, 0.00000);
	CreateDynamicObject(790, 1472.18250, 33.75550, 31.78973,   0.00000, 0.00000, 0.00000);
	CreateDynamicObject(709, 1318.67944, 22.59175, 21.81783,   0.00000, 0.00000, 0.00000);
	CreateDynamicObject(709, 1358.08838, 113.29034, 21.18826,   0.00000, 0.00000, 0.00000);
	CreateDynamicObject(706, 1195.42566, 32.27136, 34.30750,   0.00000, 0.00000, 0.00000);
	CreateDynamicObject(706, 1241.29358, -54.10971, 31.32963,   0.00000, 0.00000, 0.00000);
	CreateDynamicObject(706, 1060.58215, 254.13982, 28.96140,   0.00000, 0.00000, 0.00000);
	CreateDynamicObject(706, 1182.58057, -141.21555, 38.68164,   0.00000, 0.00000, 32.15999);
	CreateDynamicObject(706, 1247.03284, -284.57770, 12.61122,   0.00000, 0.00000, -104.28001);
	CreateDynamicObject(706, 494.92453, -62.28556, 25.42789,   0.00000, 0.00000, 0.00000);
	CreateDynamicObject(698, 506.88248, -121.07777, 40.66861,   0.00000, 0.00000, 0.00000);
	CreateDynamicObject(698, 451.56458, -46.29181, 25.60598,   0.00000, 0.00000, 0.00000);
	CreateDynamicObject(705, 445.38489, -97.81478, 17.03148,   0.00000, 0.00000, -57.48000);
	CreateDynamicObject(705, 361.46652, -176.67590, 8.28668,   0.00000, 0.00000, 0.00000);
	CreateDynamicObject(689, 315.24576, -421.25861, 7.74946,   0.00000, 0.00000, 0.00000);
	CreateDynamicObject(689, 365.57523, -433.70822, 20.95368,   0.00000, 0.00000, 0.00000);
	CreateDynamicObject(689, 390.67743, -380.80704, 24.84476,   0.00000, 0.00000, 0.00000);
	CreateDynamicObject(689, 334.08450, -370.96246, 9.76139,   0.00000, 0.00000, 0.00000);
	CreateDynamicObject(689, 333.32172, -451.47821, 15.43948,   0.00000, 0.00000, 0.00000);
	CreateDynamicObject(705, 341.49902, -415.62994, 14.78112,   0.00000, 0.00000, 0.00000);
	CreateDynamicObject(705, 241.64781, -339.03329, 4.07634,   0.00000, 0.00000, 0.00000);
	CreateDynamicObject(705, -168.59608, -379.06009, 0.93524,   0.00000, 0.00000, 0.00000);
	CreateDynamicObject(689, 37.40220, -372.62283, 4.55638,   0.00000, 0.00000, 0.00000);
	CreateDynamicObject(689, -20.18451, -423.69452, -0.06638,   0.00000, 0.00000, 0.00000);
	CreateDynamicObject(689, -91.51279, -490.53568, 3.49165,   0.00000, 0.00000, 0.00000);
	CreateDynamicObject(706, -86.14588, -451.44489, 1.14657,   0.00000, 0.00000, 0.00000);
	CreateDynamicObject(693, -256.48495, -329.42288, 10.91263,   0.00000, 0.00000, 0.00000);
	CreateDynamicObject(693, 9.11839, -515.46448, 11.08362,   0.00000, 0.00000, 0.00000);
	CreateDynamicObject(693, 12.33813, -639.43121, 9.92229,   0.00000, 0.00000, 0.00000);
	CreateDynamicObject(689, 7.83664, -457.63916, 2.82480,   0.00000, 0.00000, 0.00000);
	CreateDynamicObject(689, 53.86298, -705.38483, 8.07322,   0.00000, 0.00000, 0.00000);
	CreateDynamicObject(791, 27.09094, -829.61707, 10.75541,   0.00000, 0.00000, 0.00000);
	CreateDynamicObject(706, -86.67516, -840.05701, 7.74589,   0.00000, 0.00000, 0.00000);
	CreateDynamicObject(706, 31.07825, -777.71887, 14.67032,   0.00000, 0.00000, 0.00000);
	CreateDynamicObject(690, 6.10868, -797.33722, 10.22943,   0.00000, 0.00000, 0.00000);
	CreateDynamicObject(690, -12.63219, -859.51941, 17.22204,   0.00000, 0.00000, 0.00000);
	CreateDynamicObject(690, -9.72174, -827.36487, 9.67231,   0.00000, 0.00000, 0.00000);
	CreateDynamicObject(690, 106.74810, -834.65405, 15.57276,   0.00000, 0.00000, 0.00000);
	CreateDynamicObject(690, -63.59584, -802.11237, 6.02013,   0.00000, 0.00000, 0.00000);
	CreateDynamicObject(690, -33.76577, -845.13782, 11.68555,   0.00000, 0.00000, 0.00000);
	CreateDynamicObject(731, 19.36098, -744.17188, 8.26849,   0.00000, 0.00000, 0.00000);
	CreateDynamicObject(731, -62.62637, -720.47314, 6.40551,   0.00000, 0.00000, 0.00000);
	CreateDynamicObject(731, -56.29103, -772.15735, 9.03292,   0.00000, 0.00000, 0.00000);
	CreateDynamicObject(731, -88.05106, -806.62781, 4.89140,   0.00000, 0.00000, 0.00000);
	CreateDynamicObject(731, 61.45006, -864.39484, 22.22311,   0.00000, 0.00000, 0.00000);
	CreateDynamicObject(731, 91.13353, -810.89594, 20.87460,   0.00000, 0.00000, 0.00000);
	CreateDynamicObject(791, 210.49391, -813.95093, 14.97970,   0.00000, 0.00000, 0.00000);
	CreateDynamicObject(706, -41.45079, -878.34167, 17.01029,   0.00000, 0.00000, 0.00000);
	CreateDynamicObject(706, 63.88754, -622.08215, 2.87348,   0.00000, 0.00000, 0.00000);
	CreateDynamicObject(973, 267.07785, -558.17676, 39.35726,   0.00000, 6.00000, -168.05994);
	CreateDynamicObject(973, -254.65205, -2081.83813, 36.78722,   0.00000, 5.00000, 51.47999);
	CreateDynamicObject(973, -261.32321, -2088.18213, 37.60001,   0.00000, 5.00000, 35.76001);
	CreateDynamicObject(973, -269.12711, -2093.26733, 38.41841,   0.00000, 5.00000, 30.42000);
	CreateDynamicObject(973, -277.11310, -2097.95361, 39.06548,   0.00000, 3.00000, 30.42000);
	CreateDynamicObject(973, -285.13309, -2102.66040, 39.55506,   0.00000, 3.00000, 30.42000);
	CreateDynamicObject(973, -249.93123, -2074.04785, 35.98512,   0.00000, 5.00000, 66.00000);
	CreateDynamicObject(973, -1576.64624, -1441.53064, 41.14806,   0.00000, 3.00000, -35.34002);
	CreateDynamicObject(791, -1560.93604, -1406.21057, 39.60439,   0.00000, 0.00000, 0.00000);
	CreateDynamicObject(791, -1676.05493, -1100.28491, 73.41802,   0.00000, 0.00000, 0.00000);
	CreateDynamicObject(791, -1721.42993, -1147.41199, 52.12346,   0.00000, 0.00000, 0.00000);
	CreateDynamicObject(791, -1789.61694, -1251.05347, 42.04355,   0.00000, 0.00000, 0.00000);
	CreateDynamicObject(791, -1812.67712, -1074.67334, 52.68534,   0.00000, 0.00000, -59.52001);
	CreateDynamicObject(791, -1872.56592, -1353.66614, 32.29358,   0.00000, 0.00000, 0.00000);
	CreateDynamicObject(791, -1836.62659, -1294.62012, 28.41996,   0.00000, 0.00000, -110.34000);
	CreateDynamicObject(731, -1751.69824, -1081.17627, 68.48454,   0.00000, 0.00000, 0.00000);
	CreateDynamicObject(731, -1799.76050, -1116.67163, 54.79910,   0.00000, 0.00000, 0.00000);
	CreateDynamicObject(731, -1703.58350, -1202.06641, 56.44173,   0.00000, 0.00000, 0.00000);
	CreateDynamicObject(731, -1771.35376, -1170.34924, 54.66027,   0.00000, 0.00000, 0.00000);
	CreateDynamicObject(791, -1785.63867, -1381.94373, 57.16695,   0.00000, 0.00000, 0.00000);
	CreateDynamicObject(706, -256.79813, 176.48680, 4.95108,   0.00000, 0.00000, 0.00000);
	CreateDynamicObject(706, -805.68146, 131.08055, 7.31487,   0.00000, 0.00000, 0.00000);
	CreateDynamicObject(973, -894.93976, -42.43362, 34.24973,   0.00000, -5.00000, -87.35995);
	CreateDynamicObject(973, -893.97876, -33.30978, 33.60405,   0.00000, -3.00000, -104.70000);
	CreateDynamicObject(973, -890.82208, -24.55330, 33.24515,   0.00000, -1.50000, -114.90000);
	CreateDynamicObject(973, -886.38885, -16.33386, 33.05216,   0.00000, -1.00000, -121.80000);
	CreateDynamicObject(973, -880.92291, -8.89298, 32.93185,   0.00000, -0.50000, -130.74010);
	CreateDynamicObject(706, -878.75934, 18.77958, 30.07450,   0.00000, 0.00000, 0.00000);
	CreateDynamicObject(706, -690.46820, 146.49562, 26.05681,   0.00000, 0.00000, 0.00000);
	CreateDynamicObject(706, -453.88907, 114.94924, 16.87169,   0.00000, 0.00000, 0.00000);
	CreateDynamicObject(672, -233.57224, 224.41570, 11.48155,   0.00000, 0.00000, 0.00000);
	CreateDynamicObject(672, -307.56100, 170.72675, 6.50350,   0.00000, 0.00000, 0.00000);
	CreateDynamicObject(672, -278.30826, 208.34415, 7.22534,   0.00000, 0.00000, 0.00000);
	CreateDynamicObject(706, -321.46793, 216.76154, 9.07749,   0.00000, 0.00000, 0.00000);
	CreateDynamicObject(705, -354.81198, 71.83432, 20.51324,   0.00000, 0.00000, 0.00000);
	CreateDynamicObject(705, -323.04874, 139.47760, 4.03503,   0.00000, 0.00000, 0.00000);
	CreateDynamicObject(705, -581.45789, 1078.82617, 8.63572,   0.00000, 0.00000, 0.00000);
	CreateDynamicObject(705, -828.40289, 1199.28699, 28.97421,   0.00000, 0.00000, 0.00000);
	CreateDynamicObject(705, -964.50916, 1363.11853, 34.54821,   0.00000, 0.00000, 0.00000);
	CreateDynamicObject(973, -383.65958, 2084.86646, 60.69570,   0.00000, -2.00000, -212.88014);
	CreateDynamicObject(973, -376.88220, 2078.64600, 60.45299,   0.00000, -1.00000, -232.20010);
	CreateDynamicObject(973, -372.70999, 2070.43750, 60.45080,   0.00000, 1.00000, -253.86000);
	CreateDynamicObject(973, -392.08835, 2088.48975, 61.01688,   0.00000, -2.00000, -193.74011);
	CreateDynamicObject(973, -538.51703, 1979.61096, 60.02404,   0.00000, -1.00000, -35.70000);
	CreateDynamicObject(973, -530.28381, 1975.37231, 60.10900,   0.00000, 0.00000, -18.66000);
	CreateDynamicObject(973, -469.62915, 1760.95349, 72.58993,   0.00000, 3.50000, -55.37999);
	CreateDynamicObject(973, -462.76645, 1755.11658, 72.27390,   0.00000, 0.50000, -25.68000);
	CreateDynamicObject(973, -454.03156, 1751.86133, 72.18802,   0.00000, 0.50000, -15.18000);
	CreateDynamicObject(973, -444.88669, 1751.21912, 72.10744,   0.00000, 0.50000, 7.14000);
	CreateDynamicObject(973, -436.12271, 1754.00378, 72.07000,   0.00000, 0.00000, 28.08000);
	CreateDynamicObject(973, -428.21664, 1758.95459, 72.07000,   0.00000, 0.00000, 36.00000);
	CreateDynamicObject(989, 1704.99353, 1605.01587, 10.83646,   0.00000, 0.00000, 0.00000);
	CreateDynamicObject(989, 1706.56860, 1610.27087, 10.81749,   0.00000, 0.00000, 0.00000);
	CreateDynamicObject(690, 1806.94763, 342.22992, 16.91369,   0.00000, 0.00000, 0.00000);
	CreateDynamicObject(690, 2042.34668, 388.00186, 18.17544,   0.00000, 0.00000, 0.00000);
	CreateDynamicObject(690, 1231.71484, -219.28041, 30.46288,   0.00000, 0.00000, 0.00000);
	CreateDynamicObject(690, 983.63782, -456.54230, 49.35276,   0.00000, 0.00000, 0.00000);
	CreateDynamicObject(970, 1285.40393, -1842.27356, 13.08250,   0.00000, 0.00000, 0.00000);
	CreateDynamicObject(970, 1283.31494, -1842.27356, 13.08250,   0.00000, 0.00000, 0.00000);
	CreateDynamicObject(12861, 102.21620, -265.77792, 0.46880,   0.00000, 0.00000, -91.97999);
	CreateDynamicObject(12861, 78.45345, -239.75430, 0.46880,   0.00000, 0.00000, -91.97999);
	CreateDynamicObject(713, -1940.65137, 1151.52417, 45.06907,   0.00000, 0.00000, 0.00000);
	CreateDynamicObject(713, -1908.67456, 1103.18298, 44.54610,   0.00000, 0.00000, 0.00000);
	CreateDynamicObject(715, -1916.18628, 1150.53479, 53.08919,   0.00000, 0.00000, 0.00000);
	CreateDynamicObject(715, -1945.52905, 1113.49707, 59.33772,   0.00000, 0.00000, 0.00000);
	CreateDynamicObject(713, -1944.22656, 1100.43713, 51.40949,   0.00000, 0.00000, 0.00000);
	CreateDynamicObject(715, -1924.24048, 1118.66711, 55.59193,   0.00000, 0.00000, 0.00000);
	CreateDynamicObject(715, -1907.76929, 1130.40881, 53.10856,   0.00000, 0.00000, -72.29999);
	CreateDynamicObject(715, -1933.00342, 1136.90186, 55.02282,   0.00000, 0.00000, 0.00000);
	CreateDynamicObject(713, -1790.55713, 480.45813, 24.35492,   0.00000, 0.00000, 0.00000);
	CreateDynamicObject(713, -1778.79407, 517.65344, 25.64384,   0.00000, 0.00000, 0.00000);
	CreateDynamicObject(669, -1772.06689, 500.93948, 27.20675,   0.00000, 0.00000, 0.00000);
	CreateDynamicObject(669, -1747.78052, 536.81476, 27.58347,   0.00000, 0.00000, 0.00000);
	CreateDynamicObject(713, -1759.13647, 353.97424, 7.80404,   0.00000, 0.00000, -25.20000);
	CreateDynamicObject(713, -1990.63037, -251.69293, 33.27287,   0.00000, 0.00000, 0.00000);
	CreateDynamicObject(18756, 1786.58240, -1299.31494, 14.57300,   0.00000, 0.00000, 90.00000);
	CreateDynamicObject(18757, 1786.58716, -1299.31494, 14.57300,   0.00000, 0.00000, 90.00000);
	CreateDynamicObject(3574, 2636.60913, -2226.94604, 15.20310,   0.00000, 0.00000, 0.00000);
	CreateDynamicObject(2896, 885.80676, -1077.39966, 21.99313,   0.00000, 0.00000, 0.00000);
	CreateDynamicObject(9931, 2265.84082, -63.48550, 42.02610,   0.00000, 0.00000, 90.00000);
	CreateDynamicObject(3522, 2253.77710, -38.76720, 25.54670,   0.04000, 0.00000, -270.00000);
	CreateDynamicObject(8131, 2236.91992, -41.30000, 35.76000,   0.00000, 0.00000, 0.00000);
	CreateDynamicObject(3660, 2256.57275, -57.00000, 27.15000,   0.00000, 0.00000, -90.00000);
	CreateDynamicObject(3660, 2275.68213, -57.00000, 27.15000,   0.00000, 0.00000, -90.00000);
	CreateDynamicObject(19381, 2239.00000, -87.88000, 25.38700,   0.00000, 90.00000, 0.00000);
	CreateDynamicObject(19381, 2239.00000, -78.25000, 25.38700,   0.00000, 90.00000, 0.00000);
	CreateDynamicObject(19381, 2239.00000, -68.62000, 25.38700,   0.00000, 90.00000, 0.00000);
	CreateDynamicObject(19381, 2239.00000, -59.00000, 25.38700,   0.00000, 90.00000, 0.00000);
	CreateDynamicObject(19381, 2239.00000, -49.37000, 25.38700,   0.00000, 90.00000, 0.00000);
	CreateDynamicObject(19381, 2239.00000, -39.74000, 25.38700,   0.00000, 90.00000, 0.00000);
	CreateDynamicObject(19381, 2249.50000, -39.74000, 25.38700,   0.00000, 90.00000, 0.00000);
	CreateDynamicObject(19381, 2249.50000, -49.37000, 25.38700,   0.00000, 90.00000, 0.00000);
	CreateDynamicObject(19381, 2249.50000, -59.00000, 25.38700,   0.00000, 90.00000, 0.00000);
	CreateDynamicObject(19381, 2249.50000, -68.62000, 25.38700,   0.00000, 90.00000, 0.00000);
	CreateDynamicObject(19381, 2249.50000, -78.25000, 25.38700,   0.00000, 90.00000, 0.00000);
	CreateDynamicObject(19381, 2249.50000, -87.88000, 25.38700,   0.00000, 90.00000, 0.00000);
	CreateDynamicObject(19381, 2260.00000, -39.74000, 25.38700,   0.00000, 90.00000, 0.00000);
	CreateDynamicObject(19381, 2260.00000, -49.37000, 25.38700,   0.00000, 90.00000, 0.00000);
	CreateDynamicObject(19381, 2260.00000, -59.00000, 25.38700,   0.00000, 90.00000, 0.00000);
	CreateDynamicObject(19381, 2260.00000, -68.62000, 25.38700,   0.00000, 90.00000, 0.00000);
	CreateDynamicObject(19381, 2278.80005, -39.74000, 25.38700,   0.00000, 90.00000, 0.00000);
	CreateDynamicObject(19381, 2278.80005, -49.37000, 25.38700,   0.00000, 90.00000, 0.00000);
	CreateDynamicObject(19381, 2278.80005, -59.00000, 25.38700,   0.00000, 90.00000, 0.00000);
	CreateDynamicObject(19381, 2278.80005, -68.62000, 25.38700,   0.00000, 90.00000, 0.00000);
	CreateDynamicObject(19381, 2278.80005, -78.25000, 25.38700,   0.00000, 90.00000, 0.00000);
	CreateDynamicObject(19381, 2278.80005, -87.88000, 25.38700,   0.00000, 90.00000, 0.00000);
	CreateDynamicObject(7923, 2234.39478, -58.11072, 26.78000,   0.00000, 0.00000, -90.00000);
	CreateDynamicObject(7922, 2234.95972, -87.13710, 26.78000,   0.00000, 0.00000, 90.00000);
	CreateDynamicObject(3522, 2277.58154, -38.96380, 25.54670,   0.04000, 0.00000, -270.00000);
	CreateDynamicObject(1294, 2277.41699, -32.51000, 29.83280,   0.00000, 0.00000, -90.00000);
	CreateDynamicObject(1294, 2254.25854, -32.51000, 29.83280,   0.00000, 0.00000, -90.00000);
	CreateDynamicObject(970, 2234.39990, -84.44170, 26.01190,   0.00000, 0.00000, -90.00000);
	CreateDynamicObject(970, 2234.39990, -80.26740, 26.01190,   0.00000, 0.00000, -90.00000);
	CreateDynamicObject(970, 2234.39990, -76.11520, 26.01190,   0.00000, 0.00000, -90.00000);
	CreateDynamicObject(970, 2234.39990, -71.95730, 26.01190,   0.00000, 0.00000, -90.00000);
	CreateDynamicObject(970, 2234.39990, -67.79910, 26.01190,   0.00000, 0.00000, -90.00000);
	CreateDynamicObject(970, 2234.39990, -63.63230, 26.01190,   0.00000, 0.00000, -90.00000);
	CreateDynamicObject(970, 2234.39990, -59.75350, 26.01190,   0.00000, 0.00000, -90.00000);
	CreateDynamicObject(970, 2234.39990, -55.58190, 26.01190,   0.00000, 0.00000, -90.00000);
	CreateDynamicObject(970, 2234.39990, -51.44210, 26.01190,   0.00000, 0.00000, -90.00000);
	CreateDynamicObject(970, 2238.06494, -87.90000, 26.01190,   0.00000, 0.00000, -180.00000);
	CreateDynamicObject(970, 2242.19800, -87.90000, 26.01190,   0.00000, 0.00000, -180.00000);
	CreateDynamicObject(970, 2246.34082, -87.90000, 26.01190,   0.00000, 0.00000, -180.00000);
	CreateDynamicObject(970, 2234.39990, -47.28470, 26.01190,   0.00000, 0.00000, -90.00000);
	CreateDynamicObject(7922, 2249.60010, -87.29052, 26.78000,   0.00000, 0.00000, 180.00000);
	CreateDynamicObject(7922, 2249.51880, -62.21550, 26.78000,   0.00000, 0.00000, -90.00000);
	CreateDynamicObject(970, 2236.95142, -61.46243, 26.01190,   0.00000, 0.00000, -180.00000);
	CreateDynamicObject(7922, 2250.62671, -69.89730, 26.78000,   0.00000, 0.00000, -270.00000);
	CreateDynamicObject(970, 2250.10083, -64.77770, 26.01190,   0.00000, 0.00000, -90.00000);
	CreateDynamicObject(970, 2250.10083, -68.93100, 26.01190,   0.00000, 0.00000, -90.00000);
	CreateDynamicObject(970, 2248.45654, -61.46240, 26.01190,   0.00000, 0.00000, -180.00000);
	CreateDynamicObject(970, 2244.29297, -61.46240, 26.01190,   0.00000, 0.00000, -180.00000);
	CreateDynamicObject(759, 2250.30518, -39.78570, 25.47502,   0.00000, 0.00000, 0.00000);
	CreateDynamicObject(759, 2253.08569, -45.91329, 25.47502,   0.00000, 0.00000, -63.54000);
	CreateDynamicObject(759, 2281.36035, -41.23038, 25.47502,   0.00000, 0.00000, 25.02000);
	CreateDynamicObject(3520, 2278.09644, -38.92909, 25.60678,   0.00000, 0.00000, -90.00000);
	CreateDynamicObject(3520, 2254.34619, -38.67846, 25.60678,   0.00000, 0.00000, -90.00000);
	CreateDynamicObject(647, 2276.38550, -67.60109, 26.61503,   0.00000, 0.00000, 0.00000);
	CreateDynamicObject(647, 2281.55469, -49.34348, 26.61503,   0.00000, 0.00000, 0.00000);
	CreateDynamicObject(647, 2242.39551, -40.35991, 26.61503,   0.00000, 0.00000, 0.00000);
	CreateDynamicObject(673, 2275.38525, -50.77510, 25.00000,   0.00000, 0.00000, 0.00000);
	CreateDynamicObject(673, 2275.38525, -57.43840, 25.00000,   0.00000, 0.00000, 0.00000);
	CreateDynamicObject(673, 2275.38525, -63.95920, 25.00000,   0.00000, 0.00000, 0.00000);
	CreateDynamicObject(673, 2256.28662, -57.43840, 25.00000,   0.00000, 0.00000, 0.00000);
	CreateDynamicObject(673, 2256.28662, -50.77510, 25.00000,   0.00000, 0.00000, 0.00000);
	CreateDynamicObject(673, 2256.28662, -63.95920, 25.00000,   0.00000, 0.00000, 0.00000);
	CreateDynamicObject(647, 2252.59277, -66.04780, 26.61503,   0.00000, 0.00000, 3.48000);
	CreateDynamicObject(1280, 2277.75806, -37.80349, 25.87281,   0.00000, 0.00000, -90.00000);
	CreateDynamicObject(1223, 2239.13013, -61.46066, 25.48044,   0.00000, 0.00000, 0.00000);
	CreateDynamicObject(1280, 2253.88867, -37.80350, 25.87280,   0.00000, 0.00000, -90.00000);
	CreateDynamicObject(1223, 2242.09082, -61.47900, 25.48040,   0.00000, 0.00000, 180.00000);
	CreateDynamicObject(615, 2244.81177, -60.18242, 25.47167,   0.00000, 0.00000, 0.00000);
	CreateDynamicObject(615, 2243.78418, -42.42030, 25.47167,   0.00000, 0.00000, 0.00000);
	CreateDynamicObject(615, 2280.55566, -51.77650, 25.47167,   0.00000, 0.00000, 0.00000);
	CreateDynamicObject(615, 2280.94287, -61.41461, 25.47167,   0.00000, 0.00000, -73.44000);
	CreateDynamicObject(647, 2279.86890, -58.92344, 26.61503,   0.00000, 0.00000, 0.00000);
	CreateDynamicObject(647, 2249.96094, -43.63370, 26.61503,   0.00000, 0.00000, 0.00000);
	CreateDynamicObject(669, 2251.72705, -50.67247, 25.46895,   0.00000, 0.00000, 0.00000);
	CreateDynamicObject(700, 2235.47144, -47.58500, 25.47060,   0.00000, 0.00000, 0.00000);
	CreateDynamicObject(669, 2236.47461, -64.23510, 25.46895,   0.00000, 0.00000, 0.00000);
	CreateDynamicObject(700, 2246.87231, -86.29910, 25.47060,   0.00000, 0.00000, 0.00000);
	CreateDynamicObject(647, 2247.32178, -64.36350, 26.61503,   0.00000, 0.00000, 3.48000);
	CreateDynamicObject(647, 2248.38281, -85.90064, 26.61503,   0.00000, 0.00000, 3.48000);
	CreateDynamicObject(669, 2246.93750, -74.32880, 25.46895,   0.00000, 0.00000, 0.00000);
	CreateDynamicObject(647, 2281.54370, -52.57561, 26.61503,   0.00000, 0.00000, 0.00000);
	CreateDynamicObject(647, 2275.93335, -45.90134, 26.61503,   0.00000, 0.00000, 0.00000);
	CreateDynamicObject(759, 2237.03589, -58.75733, 25.47502,   0.00000, 0.00000, 0.00000);
	CreateDynamicObject(759, 2237.28076, -46.31654, 25.47502,   0.00000, 0.00000, 0.00000);
	CreateDynamicObject(759, 2249.22461, -59.20952, 25.47502,   0.00000, 0.00000, -63.54000);
	CreateDynamicObject(759, 2247.22314, -68.19309, 25.47502,   0.00000, 0.00000, -148.79999);
	CreateDynamicObject(728, 2252.10181, -62.90131, 25.42029,   0.00000, 0.00000, 0.00000);
	CreateDynamicObject(728, 2253.00171, -56.55761, 25.42029,   0.00000, 0.00000, 18.18000);
	CreateDynamicObject(647, 2238.40991, -52.43374, 26.61503,   0.00000, 0.00000, 0.00000);
	CreateDynamicObject(759, 2249.23584, -52.78673, 25.47502,   0.00000, 0.00000, -63.54000);
	CreateDynamicObject(647, 2252.10449, -47.61380, 26.61503,   0.00000, 0.00000, 0.00000);
	CreateDynamicObject(728, 2238.08667, -49.47822, 25.42029,   0.00000, 0.00000, 18.18000);
	CreateDynamicObject(728, 2237.54761, -56.22419, 25.42029,   0.00000, 0.00000, -86.64000);
	CreateDynamicObject(728, 2279.37305, -46.87103, 25.42029,   0.00000, 0.00000, -86.64000);
	CreateDynamicObject(817, 2246.86719, -59.41930, 25.90963,   0.00000, 0.00000, -54.00000);
	CreateDynamicObject(817, 2253.43994, -51.83703, 25.90963,   0.00000, 0.00000, -54.00000);
	CreateDynamicObject(817, 2237.17749, -86.19962, 25.90963,   0.00000, 0.00000, -24.47999);
	CreateDynamicObject(11496, 2180.44141, -140.61940, 0.28000,   0.00000, 0.00000, 0.00000);
	CreateDynamicObject(11496, 2182.49097, -140.61940, 0.26000,   0.00000, 0.00000, 180.00000);
	CreateDynamicObject(11496, 2180.44141, -156.61960, 0.28000,   0.00000, 0.00000, 0.00000);
	CreateDynamicObject(11496, 2182.50146, -156.61960, 0.26000,   0.00000, 0.00000, 180.00000);
	CreateDynamicObject(1243, 2111.24756, -185.59372, -3.16679,   0.00000, 0.00000, 0.00000);
	CreateDynamicObject(1243, 2003.48987, -128.93927, -3.16679,   0.00000, 0.00000, 0.00000);
	CreateDynamicObject(1282, 2180.07910, 89.32095, 24.01436,   0.00000, 0.00000, -12.54000);
	CreateDynamicObject(9237, 2161.66382, -102.63940, 9.69530,   0.00000, 0.00000, 31.68000);
	CreateDynamicObject(11496, 2119.23242, -91.87199, 0.87071,   0.00000, 0.00000, -55.00000);
	CreateDynamicObject(11496, 2120.41064, -93.57410, 0.85070,   0.00000, 0.00000, -235.00000);
	CreateDynamicObject(1228, 2214.36890, 88.42396, 25.84726,   0.00000, 0.00000, 0.00000);
	CreateDynamicObject(1228, 2214.28833, 83.79109, 25.84726,   0.00000, 0.00000, 0.00000);
	CreateDynamicObject(1282, 2179.95190, 85.62645, 24.09076,   0.00000, 0.00000, -10.20000);
	CreateDynamicObject(1282, 2076.37573, 99.62568, 27.24039,   0.00000, 0.00000, -10.20000);
	CreateDynamicObject(1282, 2076.89746, 104.11768, 27.24039,   0.00000, 0.00000, -182.99991);
	CreateDynamicObject(18254, 228.65607, -254.56677, -5.56682,   0.00000, 0.00000, 0.00000);
	CreateDynamicObject(18254, 222.67297, -254.55083, -5.56682,   0.00000, 0.00000, 0.00000);
	CreateDynamicObject(18253, 197.73404, -263.25403, 3.34796,   0.00000, 0.00000, 0.00000);
	CreateDynamicObject(3593, 195.70979, -240.57947, 1.05591,   0.00000, 0.00000, 0.00000);
	CreateDynamicObject(3594, 205.64201, -268.38342, 1.18990,   0.00000, 0.00000, -49.62000);
	CreateDynamicObject(3593, 214.28349, -269.17099, 4.14714,   0.00000, 0.00000, -83.70002);
	CreateDynamicObject(3593, 205.50185, -265.52161, 1.79900,   -15.78000, 6.42000, 6.60000);
	CreateDynamicObject(3593, 203.45049, -258.53323, 1.05591,   0.00000, 0.00000, 0.00000);
	CreateDynamicObject(18254, 231.97031, -224.75987, -5.56012,   0.00000, 0.00000, 0.00000);
	CreateDynamicObject(18254, 230.51077, -212.84789, -5.34605,   0.00000, 0.00000, 0.00000);
	CreateDynamicObject(3593, 197.49387, -226.15506, 1.24741,   0.00000, 0.00000, -86.76002);
	CreateDynamicObject(3593, 197.49387, -226.15506, 2.07082,   0.00000, 0.00000, -86.76002);
	CreateDynamicObject(3593, 197.49387, -226.15506, 2.89328,   0.00000, 0.00000, -86.76002);
	CreateDynamicObject(18257, 213.77684, -231.41066, 0.73595,   0.00000, 0.00000, -177.17999);
	CreateDynamicObject(18257, 201.51064, -234.28008, 0.73595,   0.00000, 0.00000, -0.24001);
	CreateDynamicObject(3593, 201.03627, -243.44359, 1.05591,   0.00000, 0.00000, 76.44000);
	CreateDynamicObject(3593, 218.20638, -243.83769, 1.05591,   0.00000, 0.00000, 86.94002);
	CreateDynamicObject(3593, 220.12576, -253.01648, 1.05591,   0.00000, 0.00000, 0.00000);
	CreateDynamicObject(3593, 216.02466, -252.63600, 1.05591,   0.00000, 0.00000, -27.48000);
	CreateDynamicObject(3594, 197.99023, -262.61230, 6.75918,   0.00000, 0.00000, -158.70003);
	CreateDynamicObject(3593, 220.12576, -253.01648, 1.94846,   0.00000, 0.00000, 0.00000);
	CreateDynamicObject(3593, 216.02470, -252.63600, 1.94850,   0.00000, 0.00000, -27.48000);
	CreateDynamicObject(3593, 218.20641, -243.83771, 1.94850,   0.00000, 0.00000, 86.94000);
	CreateDynamicObject(3593, 195.70979, -240.57950, 1.94850,   0.00000, 0.00000, 0.00000);
	CreateDynamicObject(3593, 195.70979, -240.57950, 2.81567,   0.00000, 0.00000, 0.00000);
	CreateDynamicObject(3593, 220.12579, -253.01649, 2.81570,   0.00000, 0.00000, 0.00000);
	CreateDynamicObject(3593, 216.02470, -252.63600, 2.81570,   0.00000, 0.00000, -27.48000);
	CreateDynamicObject(3594, 217.54887, -253.58760, 3.80261,   0.00000, 0.00000, -101.76003);
	CreateDynamicObject(3594, 216.25684, -238.65807, 2.80997,   32.00000, 0.00000, -88.01997);
	CreateDynamicObject(3593, 200.98531, -244.84380, 1.79638,   6.00000, 0.00000, -30.00000);
	CreateDynamicObject(3594, 203.39522, -258.45154, 2.06181,   0.00000, 0.00000, -177.12000);
	CreateDynamicObject(3594, 208.09203, -261.69833, 1.18990,   0.00000, 0.00000, -146.34000);
	CreateDynamicObject(3593, 205.63319, -260.37970, 2.65377,   -8.00000, 0.00000, -120.00000);
	CreateDynamicObject(3593, 198.27521, -243.99710, 3.29955,   12.00000, 0.00000, 51.00000);
	CreateDynamicObject(1458, 220.38991, -267.79892, 0.79877,   0.00000, 0.00000, 0.00000);
	CreateDynamicObject(1447, 222.60402, -243.27838, 1.77270,   0.00000, 0.00000, 90.00000);
	CreateDynamicObject(1447, 204.57552, -224.26756, 2.93470,   0.00000, 0.00000, 180.00000);
	CreateDynamicObject(1448, 193.31204, -231.66702, 2.14952,   0.00000, 90.00000, 0.00000);
	CreateDynamicObject(1448, 193.31204, -231.66702, 3.35002,   0.00000, 90.00000, 0.00000);
	CreateDynamicObject(1448, 193.30966, -232.72250, 3.35002,   0.00000, 90.00000, 0.00000);
	CreateDynamicObject(1448, 193.30969, -232.72250, 2.14950,   0.00000, 90.00000, 0.00000);
	CreateDynamicObject(1447, 192.93352, -259.40640, 1.70490,   0.00000, 0.00000, -90.00000);
	CreateDynamicObject(1447, 205.04013, -271.75208, 1.70490,   0.00000, 0.00000, 0.00000);
	CreateDynamicObject(1447, 211.49542, -235.42061, 2.94891,   0.00000, 0.00000, 0.00000);
	CreateDynamicObject(1447, 217.94893, -235.33043, 2.94891,   0.00000, 0.00000, 0.00000);
	CreateDynamicObject(1442, 198.21521, -240.48613, 1.15288,   0.00000, 0.00000, 0.00000);
	CreateDynamicObject(1442, 205.76340, -258.07010, 1.15288,   0.00000, 0.00000, 0.00000);
	CreateDynamicObject(1442, 217.85335, -241.67868, 1.15288,   0.00000, 0.00000, 0.00000);
	CreateDynamicObject(1441, 210.30217, -236.43398, 1.21060,   0.00000, 0.00000, 0.00000);
	CreateDynamicObject(1441, 209.78386, -225.74603, 1.42854,   0.00000, 0.00000, 0.00000);
	CreateDynamicObject(1442, 215.69038, -229.47064, 1.39085,   0.00000, 0.00000, 0.00000);
	CreateDynamicObject(1440, 200.76904, -254.30121, 1.06941,   0.00000, 0.00000, -193.68004);
	CreateDynamicObject(1438, 215.77466, -227.33670, 0.77328,   0.00000, 0.00000, -89.09999);
	CreateDynamicObject(1431, 216.31435, -247.54164, 1.44484,   0.00000, 0.00000, -62.45999);
	CreateDynamicObject(1421, 200.29532, -229.23799, 1.50491,   0.00000, 0.00000, 0.00000);
	CreateDynamicObject(1414, 206.59782, -249.27216, 0.82840,   98.00000, 0.00000, 0.00000);
	CreateDynamicObject(1414, 211.69040, -265.65558, 0.61110,   90.00000, 0.00000, -174.83998);
	CreateDynamicObject(1441, 214.84908, -268.75751, 1.21060,   0.00000, 0.00000, -89.15999);
	CreateDynamicObject(1438, 198.27518, -250.67607, 0.56268,   0.00000, 0.00000, -89.09999);
	CreateDynamicObject(1450, 214.17136, -243.87363, 1.16693,   0.00000, 0.00000, -90.65997);
	CreateDynamicObject(1450, 205.21826, -256.39447, 1.16693,   0.00000, 0.00000, -267.23996);
	CreateDynamicObject(1449, 220.16022, -256.61057, 1.02311,   0.00000, 0.00000, -2.28001);
	CreateDynamicObject(1447, 193.04921, -227.66904, 1.90481,   0.00000, 0.00000, -90.00000);
	CreateDynamicObject(1447, 214.84470, -224.05673, 2.04142,   0.00000, 0.00000, -180.00000);
	CreateDynamicObject(3593, 218.20641, -243.83771, 2.81570,   0.00000, 0.00000, 86.94000);
	CreateDynamicObject(3593, 218.20641, -243.83771, 3.72293,   0.00000, 0.00000, 86.94000);
	CreateDynamicObject(3594, 218.18816, -243.80424, 4.75448,   0.00000, 0.00000, -114.96004);
	CreateDynamicObject(1558, 217.64928, -254.62776, 1.16965,   0.00000, 0.00000, -55.92000);
	CreateDynamicObject(1558, 216.62653, -256.11234, 1.16965,   0.00000, 0.00000, -11.52000);
	CreateDynamicObject(1558, 217.87213, -256.17975, 1.16965,   0.00000, 0.00000, -11.52000);
	CreateDynamicObject(773, 194.49507, -254.07193, 0.55308,   0.00000, 0.00000, 0.00000);
	CreateDynamicObject(773, 208.07677, -269.70209, 0.55308,   0.00000, 0.00000, -75.72001);
	CreateDynamicObject(773, 222.01231, -249.43513, 0.55308,   0.00000, 0.00000, -75.72001);
	CreateDynamicObject(1684, 2180.63770, 68.66816, 26.96035,   0.00000, 0.00000, -90.00000);
	CreateDynamicObject(1684, 2179.03418, 104.59326, 26.94012,   0.00000, 0.00000, 0.00000);
	CreateDynamicObject(1684, 2179.03418, 104.59326, 23.97100,   0.00000, 0.00000, 0.00000);
	CreateDynamicObject(1684, 2163.41724, 72.17453, 27.61482,   0.00000, 0.00000, -270.00000);
	CreateDynamicObject(1684, 2163.40991, 72.21000, 24.63500,   0.00000, 0.00000, -270.00000);
	CreateDynamicObject(1685, 2181.68359, 61.47203, 26.21739,   0.00000, 0.00000, 0.00000);
	CreateDynamicObject(1685, 2179.59912, 61.48940, 26.21739,   0.00000, 0.00000, 0.00000);
	CreateDynamicObject(1685, 2181.67432, 59.18233, 26.21739,   0.00000, 0.00000, 0.00000);
	CreateDynamicObject(1685, 2179.60718, 59.13322, 26.21739,   0.00000, 0.00000, 0.00000);
	CreateDynamicObject(1685, 2161.64502, 78.67933, 26.96104,   0.00000, 0.00000, 0.00000);
	CreateDynamicObject(12909, 2139.90576, 90.34778, 26.67580,   30.00000, -60.00000, -27.18000);
	CreateDynamicObject(12909, 2168.67920, 87.31490, -3.86493,   5.52000, 10.32000, -44.64000);
	CreateDynamicObject(1637, 2138.29126, -62.63918, 2.88789,   0.00000, 0.00000, -166.85997);
	CreateDynamicObject(1640, 2148.87280, -89.08650, 1.75750,   0.00000, 0.00000, -65.58000);
	CreateDynamicObject(1641, 2151.19946, -102.37500, 1.70680,   0.00000, 0.00000, -54.48000);
	CreateDynamicObject(1642, 2148.74097, -100.15790, 1.71660,   0.00000, 0.00000, -16.08000);
	CreateDynamicObject(1643, 2148.64233, -85.75140, 1.76730,   0.00000, 0.00000, -42.06000);
	CreateDynamicObject(1645, 2139.77002, -76.19685, 2.25260,   0.00000, 0.00000, -71.40000);
	CreateDynamicObject(1646, 2142.05933, -93.58914, 2.04406,   0.00000, 0.00000, -53.09999);
	CreateDynamicObject(3577, 2159.27319, 74.45885, 26.80479,   0.00000, 0.00000, 0.00000);
	CreateDynamicObject(3462, 2254.05493, -41.60850, 56.52830,   0.00000, 0.00000, -90.00000);
	CreateDynamicObject(3462, 2277.79761, -41.60850, 56.52826,   0.00000, 0.00000, -90.00000);
	CreateDynamicObject(1637, 2151.89941, -90.52627, 2.76928,   0.00000, 0.00000, -141.47998);
	CreateDynamicObject(1646, 2141.14014, -92.39334, 2.04410,   0.00000, 0.00000, -53.10000);
	CreateDynamicObject(1645, 2140.14941, -77.48140, 2.25260,   0.00000, 0.00000, -71.40000);
	CreateDynamicObject(1646, 2142.90918, -94.77634, 2.04406,   0.00000, 0.00000, -53.09999);
	CreateDynamicObject(1425, 2215.02344, 85.97998, 25.91702,   0.00000, 0.00000, 89.09997);
	CreateDynamicObject(1255, 2127.35083, -64.69300, 1.35304,   -2.00000, 4.00000, -197.00000);
	CreateDynamicObject(1255, 2128.08130, -61.08250, 1.55313,   0.00000, 4.00000, -173.00000);
	CreateDynamicObject(3615, 2169.01172, -112.66357, 3.61173,   0.00000, 0.00000, 0.00000);
	CreateDynamicObject(1643, 2154.23486, -96.36310, 1.72730,   0.00000, 0.00000, -42.06000);
	CreateDynamicObject(1642, 2155.87549, -98.36880, 1.75660,   1.96000, 0.00000, -55.00000);
	CreateDynamicObject(1642, 2130.24170, -68.99122, 0.93920,   6.00000, 2.00000, -85.00000);
	CreateDynamicObject(1641, 2131.60962, -58.40340, 1.46852,   6.00000, 0.00000, -74.00000);
	CreateDynamicObject(1643, 2132.85498, -64.56580, 1.36448,   6.00000, 1.00000, -85.00000);
	CreateDynamicObject(1255, 2129.06543, -54.75240, 1.83953,   0.00000, 4.00000, -162.00000);
	CreateDynamicObject(1255, 2128.16211, -51.84713, 1.83953,   0.00000, 4.00000, -162.00000);
	CreateDynamicObject(1461, 2118.31763, -90.05503, 1.81914,   0.00000, 0.00000, 35.00000);
	CreateDynamicObject(1461, 2138.01904, -66.53050, 2.59394,   0.00000, 0.00000, -70.00000);
	CreateDynamicObject(1461, 2168.94409, -112.29380, 3.99680,   0.00000, 0.00000, 0.00000);
	CreateDynamicObject(1461, 2184.05054, -145.58354, 1.27902,   0.00000, 0.00000, -90.00000);
	CreateDynamicObject(1461, 2178.59985, -156.80270, 1.27900,   0.00000, 0.00000, -270.00000);
	CreateDynamicObject(16101, 2181.22412, -128.54636, 2.11407,   0.00000, 0.00000, 0.00000);
	CreateDynamicObject(16368, 2181.22632, -128.49553, 12.66140,   0.00000, 0.00000, 0.00000);
	CreateDynamicObject(1224, 2183.97827, -156.13374, 1.05681,   0.00000, 0.00000, 0.00000);
	CreateDynamicObject(1224, 2183.32446, -157.84596, 1.05681,   0.00000, 0.00000, -27.96000);
	CreateDynamicObject(3800, 2162.26318, -98.33789, 1.69248,   0.00000, 0.00000, -11.76000);
	CreateDynamicObject(760, 2166.21851, -103.88004, 1.88521,   0.00000, 0.00000, 0.00000);
	CreateDynamicObject(760, 2173.87109, -113.67526, 2.29454,   0.00000, 0.00000, 0.00000);
	CreateDynamicObject(760, 2203.12280, -138.54178, 0.14256,   0.00000, 0.00000, 0.00000);
	CreateDynamicObject(3864, 2138.61963, 98.17301, 31.95856,   0.00000, 0.00000, 0.00000);
	CreateDynamicObject(3864, 2136.94971, 79.72727, 31.95856,   0.00000, 0.00000, -29.27999);
	CreateDynamicObject(3864, 2180.92627, 55.39253, 31.39078,   0.00000, 0.00000, -29.27999);
	CreateDynamicObject(1224, 2178.77368, -139.57574, 1.05681,   0.00000, 0.00000, 0.00000);
	CreateDynamicObject(1224, 2118.11279, -97.09534, 1.63334,   0.00000, 0.00000, 0.00000);
	CreateDynamicObject(1224, 2117.32007, -91.19837, 1.63334,   0.00000, 0.00000, 32.82000);
	CreateDynamicObject(1224, 2116.54590, -92.81180, 1.63334,   0.00000, 0.00000, 33.12000);
	CreateDynamicObject(14469, 2155.81006, -88.59222, 2.13046,   0.00000, 0.00000, -48.06001);
	CreateDynamicObject(14469, 2158.29590, -92.85273, 2.13046,   0.00000, 0.00000, -71.40000);
	CreateDynamicObject(14469, 2159.15771, -88.94003, 2.13046,   0.00000, 0.00000, -71.40000);
	CreateDynamicObject(14469, 2241.73901, -44.96160, 26.01362,   0.00000, 0.00000, 29.94000);
	CreateDynamicObject(14469, 2241.48071, -49.91430, 26.01362,   0.00000, 0.00000, 89.52000);
	CreateDynamicObject(14469, 2243.56714, -48.03112, 26.01362,   0.00000, 0.00000, 89.52000);
	CreateDynamicObject(14469, 2248.03320, -71.99187, 25.53949,   0.00000, 0.00000, 89.52000);
	CreateDynamicObject(14469, 2249.83301, -55.88800, 26.01362,   0.00000, 0.00000, 89.52000);
	CreateDynamicObject(14469, 2252.54224, -52.88520, 26.01362,   0.00000, 0.00000, 89.52000);
	CreateDynamicObject(14469, 2252.23608, -59.71268, 26.01362,   0.00000, 0.00000, 89.52000);
	CreateDynamicObject(1414, 206.36185, -245.03279, 0.82840,   98.00000, 0.00000, -183.42000);
	CreateDynamicObject(647, 2280.73950, -65.07450, 26.61503,   0.00000, 0.00000, 0.00000);
	CreateDynamicObject(2671, 2078.03003, 42.80167, 25.33989,   0.00000, 0.00000, 0.00000);
	CreateDynamicObject(1427, 2062.64600, 42.11060, 26.12647,   4.00000, 0.00000, 90.00000);
	CreateDynamicObject(1459, 2071.03052, 44.23631, 25.90644,   0.00000, 0.00000, -90.00000);
	CreateDynamicObject(1617, 2082.02148, 38.48980, 24.67830,   0.00000, 0.00000, 0.00000);
	CreateDynamicObject(1617, 2085.68384, 41.10190, 24.67831,   0.00000, 0.00000, 0.00000);
	CreateDynamicObject(1617, 2080.82471, 41.60274, 24.67830,   0.00000, 0.00000, 0.00000);
	CreateDynamicObject(1617, 2083.87280, 42.77222, 24.67831,   0.00000, 0.00000, 0.00000);
	CreateDynamicObject(1617, 2086.09961, 45.00579, 24.67831,   0.00000, 0.00000, 0.00000);
	CreateDynamicObject(1617, 2084.32764, 45.30549, 24.67831,   0.00000, 0.00000, 0.00000);
	CreateDynamicObject(1617, 2082.28320, 44.00633, 24.67831,   0.00000, 0.00000, 0.00000);
	CreateDynamicObject(1617, 2079.17822, 42.55462, 24.67831,   0.00000, 0.00000, 0.00000);
	CreateDynamicObject(1617, 2081.02808, 44.01146, 24.67831,   0.00000, 0.00000, 0.00000);
	CreateDynamicObject(1617, 2082.58716, 45.77295, 24.67831,   0.00000, 0.00000, 0.00000);
	CreateDynamicObject(1617, 2079.19897, 44.88047, 24.67831,   0.00000, 0.00000, 0.00000);
	CreateDynamicObject(1617, 2081.42212, 45.91353, 24.67831,   0.00000, 0.00000, 0.00000);
	CreateDynamicObject(854, 2079.18604, 45.08893, 25.55832,   0.00000, 0.00000, 0.00000);
	CreateDynamicObject(854, 2083.12915, 45.09880, 25.55832,   0.00000, 0.00000, 0.00000);
	CreateDynamicObject(854, 2082.52466, 42.30203, 25.41805,   0.00000, 0.00000, 0.00000);
	CreateDynamicObject(854, 2080.17627, 42.96969, 25.55832,   0.00000, 0.00000, -0.36000);
	CreateDynamicObject(854, 2081.70630, 44.58556, 25.37849,   0.00000, 0.00000, 0.00000);
	CreateDynamicObject(3865, 2081.09741, 46.99322, 22.53468,   -40.00000, 0.00000, 0.00000);
	CreateDynamicObject(1459, 2077.69946, 41.68317, 25.84530,   0.00000, 0.00000, -194.57999);
	CreateDynamicObject(1459, 2082.76685, 40.90082, 25.84530,   0.00000, 0.00000, -172.20000);
	CreateDynamicObject(1459, 2088.71411, 44.14577, 25.88073,   0.00000, 0.00000, -90.00000);
	CreateDynamicObject(1427, 2062.31250, 45.39012, 26.17796,   4.00000, 0.00000, 90.00000);
	CreateDynamicObject(1427, 2097.45752, 42.73074, 25.84500,   0.00000, 0.00000, 90.00000);
	CreateDynamicObject(1427, 2097.29053, 45.79361, 25.84500,   0.00000, 0.00000, 90.00000);
	CreateDynamicObject(3865, 2082.05713, 44.48292, 21.60745,   -40.00000, 0.00000, 80.27998);
	CreateDynamicObject(3865, 2078.00000, 44.72535, 21.22919,   -40.00000, 0.00000, 29.09995);
	CreateDynamicObject(1439, 2075.91650, 48.50680, 25.43985,   0.00000, 0.00000, -90.96000);
	CreateDynamicObject(1358, 2075.28125, 44.35148, 26.51955,   0.00000, 0.00000, 67.92000);
	CreateDynamicObject(4601, 755.53802, -579.97540, -94.94000,   0.00000, 0.00000, 0.00000);
	CreateDynamicObject(12946, 701.53400, -584.52148, 15.32000,   0.00000, 0.00000, -90.00000);
	CreateDynamicObject(11504, 701.45679, -543.78070, 15.32170,   0.00000, 0.00000, 0.00000);
	CreateDynamicObject(19449, 693.85822, -588.47473, 15.23000,   0.00000, 90.00000, 90.00000);
	CreateDynamicObject(19449, 709.20587, -588.42462, 15.24960,   0.00000, 90.00000, 90.00000);
	CreateDynamicObject(19449, 702.29102, -588.48090, 15.22960,   0.00000, 90.00000, 90.00000);
	CreateDynamicObject(8674, 689.05603, -574.16748, 16.79650,   0.00000, 0.00000, 90.00000);
	CreateDynamicObject(8674, 689.33752, -544.86420, 16.79650,   0.00000, 0.00000, 90.00000);
	CreateDynamicObject(8674, 694.51648, -539.66620, 16.79650,   0.00000, 0.00000, 0.00000);
	CreateDynamicObject(8674, 689.33752, -555.24420, 16.79650,   0.00000, 0.00000, 90.00000);
	CreateDynamicObject(8674, 714.08618, -555.24420, 16.79650,   0.00000, 0.00000, 90.00000);
	CreateDynamicObject(8674, 714.08618, -544.86420, 16.79650,   0.00000, 0.00000, 90.00000);
	CreateDynamicObject(8674, 714.08618, -574.16748, 16.79650,   0.00000, 0.00000, 90.00000);
	CreateDynamicObject(8674, 708.87769, -539.66620, 16.79650,   0.00000, 0.00000, 0.00000);
	CreateDynamicObject(1440, 705.43793, -590.44452, 15.84161,   3.14160, 0.00000, 0.03970);
	CreateDynamicObject(1432, 710.57703, -576.79199, 15.43520,   0.00000, 0.00000, 0.00000);
	CreateDynamicObject(1432, 706.26367, -576.79199, 15.43520,   0.00000, 0.00000, 0.00000);
	CreateDynamicObject(1432, 692.85284, -576.29138, 15.43520,   0.00000, 0.00000, 0.00000);
	CreateDynamicObject(1432, 697.06189, -576.79199, 15.43520,   0.00000, 0.00000, 0.00000);
	CreateDynamicObject(16322, 706.91791, -549.19043, 19.36540,   0.00000, 0.00000, 180.00000);
	CreateDynamicObject(1437, 700.41602, -548.95728, 15.33500,   0.00000, 0.00000, 0.00000);
	CreateDynamicObject(1544, 710.71143, -576.68518, 16.04300,   0.00000, 0.00000, 0.00000);
	CreateDynamicObject(1544, 710.62048, -576.79700, 16.04300,   0.00000, 0.00000, 0.00000);
	CreateDynamicObject(1544, 706.18402, -576.63147, 16.04300,   0.00000, 0.00000, 0.00000);
	CreateDynamicObject(1544, 706.13867, -576.50940, 16.09600,   0.00000, 90.00000, 0.00000);
	CreateDynamicObject(1544, 692.77258, -576.17914, 16.09600,   0.00000, 90.00000, 0.00000);
	CreateDynamicObject(1544, 697.23273, -576.77380, 16.04300,   0.00000, 0.00000, 0.00000);
	CreateDynamicObject(1544, 697.09235, -576.79077, 16.04510,   0.00000, 0.00000, 0.00000);
	CreateDynamicObject(1544, 697.18750, -576.68231, 16.04300,   0.00000, 0.00000, 0.00000);
	CreateDynamicObject(1665, 697.25342, -576.95721, 16.06900,   0.00000, 0.00000, 0.00000);
	CreateDynamicObject(1485, 697.47137, -576.98547, 16.04710,   0.00000, 0.00000, 164.00000);
	CreateDynamicObject(2103, 703.57526, -578.63092, 15.33820,   0.00000, 0.00000, 216.00000);
	CreateDynamicObject(2812, 706.32037, -577.11395, 16.04862,   0.00000, 0.00000, 0.00000);
	CreateDynamicObject(2671, 708.46368, -576.44287, 15.35700,   0.00000, 0.00000, 0.00000);
	CreateDynamicObject(2671, 692.43378, -576.16022, 15.35700,   0.00000, 0.00000, 0.00000);
	CreateDynamicObject(2063, 691.24188, -551.18945, 16.27380,   0.00000, 0.00000, 90.00000);
	CreateDynamicObject(1594, 697.08478, -551.39337, 15.79290,   0.00000, 0.00000, 0.00000);
	CreateDynamicObject(1670, 697.00427, -551.35486, 16.20330,   0.00000, 0.00000, 0.00000);
	CreateDynamicObject(941, 693.54749, -548.51465, 15.71580,   0.00000, 0.00000, 0.00000);
	CreateDynamicObject(2359, 691.76166, -553.56610, 15.51620,   0.00000, 0.00000, -69.00000);
	CreateDynamicObject(3632, 700.41425, -548.39117, 15.81490,   0.00000, 0.00000, 0.00000);
	CreateDynamicObject(2040, 692.82666, -548.46051, 16.29390,   0.00000, 0.00000, 0.00000);
	CreateDynamicObject(2041, 693.20380, -548.33063, 16.28910,   0.00000, 90.00000, 0.00000);
	CreateDynamicObject(1688, 708.36157, -543.93195, 20.12084,   0.00000, 0.00000, 0.00000);
	CreateDynamicObject(1690, 692.34222, -543.94318, 19.61280,   0.00000, 0.00000, 180.00000);
	CreateDynamicObject(1690, 701.55792, -583.49475, 20.78720,   0.00000, 0.00000, 270.00000);
	CreateDynamicObject(1687, 709.45007, -581.56146, 21.12541,   0.00000, 0.00000, 0.00000);
	CreateDynamicObject(1688, 693.41907, -581.72552, 21.33541,   0.00000, 0.00000, 0.00000);
	CreateDynamicObject(1617, 695.60461, -589.50647, 18.75840,   0.00000, 0.00000, 90.00000);
	CreateDynamicObject(1635, 701.81366, -539.08527, 17.50476,   0.00000, 0.00000, -90.00000);
	CreateDynamicObject(736, 630.91357, -580.80933, 24.86200,   0.00000, 0.00000, 0.00000);
	CreateDynamicObject(732, 630.52496, -557.33136, 15.20926,   0.00000, 0.00000, 0.00000);
	CreateDynamicObject(732, 627.98853, -548.66644, 15.20926,   0.00000, 0.00000, 0.00000);
	CreateDynamicObject(736, 630.91357, -575.83118, 24.86200,   0.00000, 0.00000, 0.00000);
	CreateDynamicObject(736, 630.91357, -568.07507, 24.86200,   0.00000, 0.00000, 0.00000);
	CreateDynamicObject(736, 630.91357, -562.61420, 24.86204,   0.00000, 0.00000, 0.00000);
	CreateDynamicObject(732, 632.37250, -617.49469, 15.20926,   0.00000, 0.00000, 0.00000);
	CreateDynamicObject(732, 602.28461, -587.40796, 15.20926,   0.00000, 0.00000, 0.00000);
	CreateDynamicObject(782, 599.75006, -628.82281, 17.88709,   0.00000, 0.00000, 0.00000);
	CreateDynamicObject(732, 613.82361, -621.54932, 15.20926,   0.00000, 0.00000, 80.28001);
	CreateDynamicObject(782, 588.41315, -592.92432, 16.45403,   0.00000, 0.00000, 0.00000);
	CreateDynamicObject(728, 626.44464, -558.14746, 15.56987,   0.00000, 0.00000, 0.00000);
	CreateDynamicObject(728, 629.23199, -548.49646, 15.56987,   0.00000, 0.00000, -97.97999);
	CreateDynamicObject(728, 639.51672, -620.04260, 15.56987,   0.00000, 0.00000, -183.06000);
	CreateDynamicObject(647, 603.41461, -585.46362, 16.93169,   0.00000, 0.00000, 0.00000);
	CreateDynamicObject(647, 629.69476, -578.54724, 16.29992,   0.00000, 0.00000, 0.00000);
	CreateDynamicObject(647, 629.64056, -565.22687, 16.42904,   0.00000, 0.00000, 8.52000);
	CreateDynamicObject(759, 630.95636, -644.33484, 17.20408,   0.00000, 0.00000, 0.00000);
	CreateDynamicObject(1223, 613.31354, -583.89746, 16.22100,   0.00000, 0.00000, -90.00000);
	CreateDynamicObject(1223, 608.81372, -583.84589, 16.22100,   0.00000, 0.00000, -90.00000);
	CreateDynamicObject(1223, 621.71625, -583.60870, 16.22100,   0.00000, 0.00000, -90.00000);
	CreateDynamicObject(1223, 630.46149, -569.64270, 15.35420,   0.00000, 0.00000, -90.00000);
	CreateDynamicObject(1223, 630.46149, -574.01855, 15.35420,   0.00000, 0.00000, 90.00000);
	CreateDynamicObject(1216, 632.20209, -561.07819, 16.02658,   0.00000, 0.00000, 90.00000);
	CreateDynamicObject(1216, 632.20209, -560.09821, 16.02660,   0.00000, 0.00000, 90.00000);
	CreateDynamicObject(1291, 634.15796, -549.25116, 15.78415,   0.00000, 0.00000, 0.00000);
	CreateDynamicObject(1341, 660.89966, -539.01575, 16.31968,   0.00000, 0.00000, -232.13994);
	CreateDynamicObject(1367, 689.23615, -610.54889, 15.87395,   0.00000, 0.00000, 0.00000);
	CreateDynamicObject(1359, 632.25635, -575.71216, 15.97194,   0.00000, 0.00000, 0.00000);
	CreateDynamicObject(11245, 629.47522, -572.02930, 25.20941,   0.00000, 0.00000, 0.00000);
	CreateDynamicObject(1280, 632.26404, -577.98254, 15.73265,   0.00000, 0.00000, -180.00000);
	CreateDynamicObject(1280, 632.26398, -565.32129, 15.73270,   0.00000, 0.00000, -180.00000);
	CreateDynamicObject(1280, 617.31744, -583.55298, 16.60251,   0.00000, 0.00000, -270.00000);
	CreateDynamicObject(1328, 607.95221, -593.03387, 16.72949,   0.00000, 0.00000, 0.00000);
	CreateDynamicObject(1328, 607.99554, -592.22449, 16.72949,   0.00000, 0.00000, 23.94000);
	CreateDynamicObject(16375, 636.64563, -586.38873, 25.17835,   0.00000, 0.00000, 0.00000);
	CreateDynamicObject(1538, 619.49756, -566.07751, 25.01543,   0.00000, 0.00000, -90.00000);
	CreateDynamicObject(1566, 626.54999, -571.00232, 18.13410,   0.00000, 0.00000, -90.00000);
	CreateDynamicObject(3033, 662.14850, -569.59918, 17.90150,   0.00000, 0.00000, 90.00000);
	CreateDynamicObject(1280, 661.22064, -563.96997, 15.73270,   0.00000, 0.00000, 0.00000);
	CreateDynamicObject(2714, 661.66028, -573.35565, 17.82928,   0.00000, 0.00000, -90.00000);
	CreateDynamicObject(1775, 661.16693, -560.83795, 16.43302,   0.00000, 0.00000, -90.00000);
	CreateDynamicObject(956, 661.24292, -559.27838, 15.73339,   0.00000, 0.00000, -90.00000);
	CreateDynamicObject(19325, 661.99780, -568.71619, 15.95290,   0.00000, 0.00000, 0.00000);
	CreateDynamicObject(19325, 662.01782, -568.71619, 15.95290,   0.00000, 0.00000, 0.00000);
	CreateDynamicObject(19325, 662.03778, -568.71619, 15.95290,   0.00000, 0.00000, 0.00000);
	CreateDynamicObject(1294, 641.64069, -611.54883, 19.72100,   0.00000, 0.00000, -90.00000);
	CreateDynamicObject(1294, 630.52289, -611.54883, 19.72100,   0.00000, 0.00000, -90.00000);
	CreateDynamicObject(1294, 620.07233, -611.54877, 20.68275,   0.00000, 0.00000, -90.00000);
	CreateDynamicObject(1537, 608.41083, -560.40491, 15.63890,   0.00000, 0.00000, -180.00000);
	CreateDynamicObject(1537, 609.91931, -560.48163, 15.63890,   0.00000, 0.00000, 0.00000);
	CreateDynamicObject(732, 603.93225, -554.54340, 15.20926,   0.00000, 0.00000, -15.90000);
	CreateDynamicObject(732, 603.47943, -581.04492, 15.20926,   0.00000, 0.00000, -15.90000);
	CreateDynamicObject(732, 603.00177, -567.98560, 15.20926,   0.00000, 0.00000, -15.90000);
	CreateDynamicObject(705, 587.51984, -538.17078, 16.00434,   0.00000, 0.00000, 0.00000);
	CreateDynamicObject(705, 563.78070, -568.27362, 19.23252,   0.00000, 0.00000, 0.00000);
	CreateDynamicObject(12957, 718.19849, -614.32922, 15.50428,   -6.00000, 0.00000, -153.00000);
	CreateDynamicObject(944, 713.25281, -546.40869, 15.98808,   0.00000, 0.00000, -90.06001);
	CreateDynamicObject(935, 713.35388, -544.34845, 15.88468,   0.00000, 0.00000, 0.00000);
	CreateDynamicObject(935, 713.23431, -546.46124, 17.09843,   0.00000, 0.00000, 0.00000);
	CreateDynamicObject(3633, 690.20807, -548.66199, 15.79874,   0.00000, 0.00000, 0.00000);
	CreateDynamicObject(1810, 692.15930, -549.01306, 15.33895,   0.00000, 0.00000, 30.60000);
	CreateDynamicObject(2040, 691.62708, -553.47711, 15.40947,   0.00000, 0.00000, 20.82000);
	CreateDynamicObject(14679, 711.71155, -551.15887, 15.74253,   0.00000, 0.00000, -40.08000);
	CreateDynamicObject(1462, 697.65253, -589.96863, 15.33252,   0.00000, 0.00000, 0.00000);
	CreateDynamicObject(18635, 694.72443, -548.44885, 16.19030,   90.00000, 90.00000, 149.64001);
	CreateDynamicObject(18633, 694.13226, -548.57031, 16.20288,   0.00000, 90.00000, 14.52000);
	CreateDynamicObject(18633, 691.39056, -550.61365, 16.65200,   0.00000, 90.00000, 27.00000);
	CreateDynamicObject(18634, 691.31433, -551.60913, 16.21000,   0.00000, 90.00000, 20.51998);
	CreateDynamicObject(18635, 691.40405, -550.26605, 16.18700,   90.00000, 90.00000, -203.10001);
	CreateDynamicObject(14679, 690.38080, -553.28223, 15.73878,   0.00000, 0.00000, 58.26000);
	CreateDynamicObject(18635, 691.31818, -550.44067, 16.18700,   90.00000, 90.00000, -138.18007);
	CreateDynamicObject(18634, 691.32117, -552.08929, 16.21000,   0.00000, 90.00000, 20.51998);
	CreateDynamicObject(18634, 691.35480, -551.26593, 16.21000,   0.00000, 90.00000, 20.51998);
	CreateDynamicObject(18633, 691.36804, -551.03308, 16.65200,   0.00000, 90.00000, 27.00000);
	CreateDynamicObject(18633, 691.42261, -551.87726, 16.65200,   0.00000, 90.00000, -1.26000);
	CreateDynamicObject(18633, 691.25641, -551.98834, 16.65200,   0.00000, 90.00000, -1.26000);
	CreateDynamicObject(2040, 691.24451, -550.44562, 15.82844,   0.00000, 0.00000, -90.77999);
	CreateDynamicObject(2040, 691.24109, -550.86987, 15.82844,   0.00000, 0.00000, -90.77999);
	CreateDynamicObject(2040, 691.25745, -551.29712, 15.82844,   0.00000, 0.00000, -90.77999);
	CreateDynamicObject(2040, 691.16138, -551.93896, 15.82844,   0.00000, 0.00000, -180.89995);
	CreateDynamicObject(2040, 691.39886, -551.94769, 15.82844,   0.00000, 0.00000, -180.89995);
	CreateDynamicObject(18633, 693.68427, -548.76892, 16.20288,   0.00000, 90.00000, -135.24002);
	CreateDynamicObject(18635, 693.49115, -548.20569, 16.22884,   55.00000, 18.00000, 260.94003);
	CreateDynamicObject(1328, 689.58655, -569.44598, 15.83219,   0.00000, 0.00000, 0.00000);
	CreateDynamicObject(1328, 689.71429, -570.71271, 15.83219,   0.00000, 0.00000, 0.00000);
	CreateDynamicObject(1348, 713.20721, -553.32104, 16.00790,   0.00000, 0.00000, -90.00000);
	CreateDynamicObject(1348, 713.21613, -555.09039, 16.00790,   0.00000, 0.00000, -90.00000);
	CreateDynamicObject(918, 690.34601, -555.25800, 15.70203,   0.00000, 0.00000, 0.00000);
	CreateDynamicObject(918, 690.32916, -555.86615, 15.70203,   0.00000, 0.00000, 66.90000);
	CreateDynamicObject(918, 690.87494, -555.45984, 15.70203,   0.00000, 0.00000, 66.90000);
	CreateDynamicObject(1650, 691.29053, -550.56097, 17.36800,   0.00000, 0.00000, 62.46000);
	CreateDynamicObject(1650, 691.30524, -551.08124, 17.36800,   0.00000, 0.00000, 178.80000);
	CreateDynamicObject(1650, 691.30334, -551.28125, 17.36800,   0.00000, 0.00000, 178.80000);
	CreateDynamicObject(1650, 691.28973, -551.84100, 17.12990,   90.00000, 0.00000, 195.60008);
	CreateDynamicObject(1280, 689.98962, -558.84741, 15.70980,   0.00000, 0.00000, -180.00000);
	CreateDynamicObject(12957, 1281.99292, 301.22604, 19.12681,   0.00000, 0.00000, 0.00000);
	CreateDynamicObject(3594, 1263.12671, 290.23395, 19.09398,   0.00000, 0.00000, 30.42000);
	CreateDynamicObject(3593, 1276.24792, 303.98105, 18.88972,   0.00000, 0.00000, -84.71999);
	CreateDynamicObject(1415, 1281.05627, 286.44785, 18.66229,   0.00000, 0.00000, -113.58002);
	CreateDynamicObject(1442, 1276.33850, 288.23529, 19.14690,   0.00000, 0.00000, 0.00000);
	CreateDynamicObject(1442, 1264.01221, 300.97281, 19.14690,   0.00000, 0.00000, 0.00000);
	CreateDynamicObject(1358, 1265.87524, 304.11133, 19.72651,   0.00000, 0.00000, 65.99999);
	CreateDynamicObject(1728, 1278.14978, 296.04816, 18.55315,   0.00000, 0.00000, -22.50000);
	CreateDynamicObject(1728, 1280.68384, 293.77637, 18.55315,   0.00000, 0.00000, -112.01999);
	CreateDynamicObject(1728, 1278.47668, 290.92743, 18.55315,   0.00000, 0.00000, -198.53999);
	CreateDynamicObject(1349, 1273.78784, 286.40900, 19.10134,   0.00000, 0.00000, 33.00000);
	CreateDynamicObject(1349, 1272.61804, 287.04886, 19.10134,   0.00000, 0.00000, -76.68000);
	CreateDynamicObject(1439, 1274.25562, 281.71085, 18.55293,   0.00000, 0.00000, -115.14001);
	CreateDynamicObject(1441, 1269.54565, 283.09335, 19.18661,   0.00000, 0.00000, -204.96002);
	CreateDynamicObject(1449, 1266.35974, 284.16937, 19.06555,   0.00000, 0.00000, 156.00002);
	CreateDynamicObject(1442, 1260.14600, 289.31839, 19.14690,   0.00000, 0.00000, 0.00000);
	CreateDynamicObject(2062, 1257.89380, 288.59982, 19.14038,   0.00000, 0.00000, 0.00000);
	CreateDynamicObject(2062, 1258.42175, 287.89615, 19.14038,   0.00000, 0.00000, -84.06000);
	CreateDynamicObject(1369, 1265.19531, 298.97803, 19.11089,   0.00000, 0.00000, -138.53996);
	CreateDynamicObject(1348, 1262.52271, 298.08325, 19.23998,   0.00000, 0.00000, 88.62000);
	CreateDynamicObject(1346, 1219.29480, 287.82837, 19.80962,   0.00000, 0.00000, -112.79999);
	CreateDynamicObject(1328, 1270.65576, 309.93619, 19.04361,   0.00000, 0.00000, 0.00000);
	CreateDynamicObject(1328, 1269.84290, 310.17242, 19.04361,   0.00000, 0.00000, 0.00000);
	CreateDynamicObject(1292, 1267.92651, 303.88882, 19.02286,   0.00000, 0.00000, 23.46000);
	CreateDynamicObject(1293, 1267.14050, 302.93307, 19.05905,   0.00000, 0.00000, -31.32000);
	CreateDynamicObject(1291, 1237.52588, 341.64911, 18.91937,   0.00000, 0.00000, -23.22000);
	CreateDynamicObject(1280, 1237.91223, 337.64322, 18.54879,   0.00000, 0.00000, -113.33997);
	CreateDynamicObject(1222, 1280.32861, 301.91910, 18.98577,   0.00000, 0.00000, 0.00000);
	CreateDynamicObject(1217, 1275.47351, 285.23959, 18.93598,   0.00000, 0.00000, 0.00000);
	CreateDynamicObject(1217, 1274.61780, 285.53448, 18.93598,   0.00000, 0.00000, 0.00000);
	CreateDynamicObject(1572, 1278.08496, 288.05786, 19.07629,   0.00000, 0.00000, 0.00000);
	CreateDynamicObject(1462, 1282.43933, 297.08911, 18.55160,   0.00000, 0.00000, -116.04000);
	CreateDynamicObject(849, 1277.85864, 300.35822, 18.81949,   0.00000, 0.00000, 0.00000);
	CreateDynamicObject(850, 1270.46790, 305.02542, 18.64211,   0.00000, 0.00000, -19.62000);
	CreateDynamicObject(851, 1266.35754, 300.88309, 18.77688,   0.00000, 0.00000, 0.00000);
	CreateDynamicObject(853, 1266.52747, 291.02563, 18.93272,   0.00000, 0.00000, 0.00000);
	CreateDynamicObject(854, 1270.58691, 298.26968, 18.74645,   0.00000, 0.00000, 0.00000);
	CreateDynamicObject(18862, 1272.47058, 293.68900, 18.23919,   0.00000, 0.00000, 0.00000);
	CreateDynamicObject(18862, 1266.24121, 300.03992, 18.23919,   0.00000, 0.00000, 0.00000);
	CreateDynamicObject(18862, 1270.88916, 296.69296, 18.23919,   0.00000, 0.00000, 0.00000);
	CreateDynamicObject(1635, 1281.02307, 286.50232, 22.52134,   0.00000, 0.00000, -23.46000);
	CreateDynamicObject(1216, 1250.03662, 332.50668, 19.20363,   0.00000, 0.00000, 156.17999);
	CreateDynamicObject(1216, 1250.74207, 332.15295, 19.20363,   0.00000, 0.00000, 156.17999);
	CreateDynamicObject(1429, 1262.65857, 289.87543, 19.92442,   0.00000, 0.00000, -67.62000);
	CreateDynamicObject(1257, 1246.99915, 275.41290, 19.72675,   0.00000, 0.00000, 63.96000);
	CreateDynamicObject(1264, 1259.38269, 287.72861, 18.96954,   0.00000, 0.00000, 0.00000);
	CreateDynamicObject(1265, 1271.34082, 287.18637, 18.92937,   0.00000, 0.00000, 0.00000);
	CreateDynamicObject(1265, 1272.42908, 281.75916, 18.92937,   0.00000, 0.00000, 0.00000);
	CreateDynamicObject(1265, 1284.29285, 302.67065, 18.92937,   0.00000, 0.00000, 0.00000);
	CreateDynamicObject(1265, 1284.10266, 303.72296, 18.92937,   0.00000, 0.00000, 0.00000);
	CreateDynamicObject(1340, 1226.32959, 332.72244, 19.63129,   0.00000, 0.00000, -225.72002);
	CreateDynamicObject(3046, 1274.93237, 296.93433, 18.89223,   0.00000, 0.00000, 34.50000);
	CreateDynamicObject(3046, 1273.61499, 296.49463, 18.89223,   0.00000, 0.00000, -50.94000);
	CreateDynamicObject(2370, 1277.95850, 293.19824, 18.19750,   0.00000, 0.00000, 28.31999);
	CreateDynamicObject(1520, 1277.77856, 293.12689, 19.09362,   0.00000, 0.00000, 0.00000);
	CreateDynamicObject(1520, 1278.53699, 293.44040, 19.09362,   0.00000, 0.00000, -35.40000);
	CreateDynamicObject(1520, 1278.07129, 293.38852, 19.09362,   0.00000, 0.00000, -7.92000);
	CreateDynamicObject(1520, 1278.13379, 294.20963, 19.09362,   0.00000, 0.00000, -7.92000);
	CreateDynamicObject(1520, 1277.81750, 294.20267, 19.09362,   0.00000, 0.00000, -7.92000);
	CreateDynamicObject(1543, 1277.45020, 293.71204, 19.02695,   0.00000, 0.00000, 0.00000);
	CreateDynamicObject(1543, 1277.51855, 294.13940, 19.02695,   0.00000, 0.00000, 0.00000);
	CreateDynamicObject(1543, 1278.70996, 293.71948, 19.02695,   0.00000, 0.00000, 0.00000);
	CreateDynamicObject(1543, 1277.94531, 293.71738, 19.02695,   0.00000, 0.00000, 0.00000);
	CreateDynamicObject(1544, 1277.66187, 293.88397, 19.04412,   0.00000, 0.00000, 0.00000);
	CreateDynamicObject(1544, 1277.52710, 293.35489, 19.04412,   0.00000, 0.00000, 0.00000);
	CreateDynamicObject(1544, 1277.21899, 293.99374, 19.04412,   0.00000, 0.00000, 0.00000);
	CreateDynamicObject(2726, 1276.12366, 292.52139, 18.88713,   0.00000, 0.00000, 0.00000);
	CreateDynamicObject(2968, 1276.23657, 290.70972, 18.85485,   0.00000, 0.00000, 0.00000);
	CreateDynamicObject(1510, 1278.32117, 293.11737, 19.05753,   0.00000, 0.00000, 0.00000);
	CreateDynamicObject(1510, 1278.49866, 294.08301, 19.05753,   0.00000, 0.00000, 0.00000);
	CreateDynamicObject(1327, 1286.99036, 304.15836, 19.45506,   0.00000, 0.00000, -25.56001);
	CreateDynamicObject(12857, 490.22513, -249.43980, -2.07363,   46.20001, 11.88000, -27.84000);
	CreateDynamicObject(12857, 480.25330, -259.22360, -1.50730,   -23.50000, -7.20000, -44.00000);
	CreateDynamicObject(3276, 476.98917, -268.99643, 6.20327,   135.00000, 91.00000, -219.00000);
	CreateDynamicObject(3276, 480.72690, -259.15610, 1.22410,   135.00000, 171.00000, -219.00000);
	CreateDynamicObject(3276, 498.35553, -238.04950, 10.79741,   135.00000, 171.00000, -219.00000);
	CreateDynamicObject(849, 493.71976, -238.21239, 10.31248,   0.00000, 0.00000, 0.00000);
	CreateDynamicObject(851, 461.56235, -272.95139, 9.90316,   0.00000, 0.00000, 0.00000);
	CreateDynamicObject(854, 464.86856, -273.87939, 9.81697,   0.00000, 0.00000, 0.00000);
	CreateDynamicObject(3363, 499.92926, -239.16570, 8.24960,   0.00000, 0.00000, 67.80000);
	CreateDynamicObject(3380, 509.17505, -221.55464, 13.18792,   0.00000, 0.00000, 127.86002);
	CreateDynamicObject(854, 503.28348, -236.93356, 11.38918,   0.00000, 0.00000, 0.00000);
	CreateDynamicObject(854, 498.25800, -239.54347, 10.30745,   0.00000, 0.00000, 0.00000);
	CreateDynamicObject(1425, 461.55209, -279.85681, 9.80907,   0.00000, -1.00000, -33.00000);
	CreateDynamicObject(1427, 458.15723, -279.35968, 9.52725,   0.00000, 0.00000, -39.12000);
	CreateDynamicObject(1427, 461.24780, -282.87177, 9.72868,   0.00000, 0.00000, -38.34000);
	CreateDynamicObject(1459, 461.73636, -276.48779, 10.10733,   0.00000, 0.00000, -35.88000);
	CreateDynamicObject(1459, 465.27246, -278.98529, 10.26563,   0.00000, 0.00000, -35.88000);
	CreateDynamicObject(1459, 506.30411, -234.28192, 12.65954,   0.00000, 0.00000, -45.06000);
	CreateDynamicObject(1459, 503.02261, -231.31740, 12.43971,   0.00000, 0.00000, -42.17999);
	CreateDynamicObject(1427, 508.48349, -225.76151, 13.72635,   6.00000, 0.00000, -43.86000);
	CreateDynamicObject(1427, 511.93219, -229.33200, 13.78214,   6.00000, 0.00000, -44.00000);
	CreateDynamicObject(3415, 2375.50391, -643.02228, 126.35262,   2.00000, 2.00000, 18.00000);
	CreateDynamicObject(3284, 2402.88135, -650.74188, 128.16060,   -2.00000, 0.00000, 0.00000);
	CreateDynamicObject(1345, 2406.46997, -655.86987, 127.13800,   -4.00000, 4.00000, 0.00000);
	CreateDynamicObject(1345, 2404.51733, -657.14960, 127.37800,   -4.00000, 0.00000, -40.00000);
	CreateDynamicObject(13206, 2370.84985, -659.37347, 127.12830,   -2.00000, 0.00000, 0.00000);
	CreateDynamicObject(1308, 2385.22266, -639.81476, 126.09871,   0.00000, 0.00000, 0.00000);
	CreateDynamicObject(1483, 2400.27222, -657.11261, 128.38150,   0.00000, 0.00000, 90.00000);
	CreateDynamicObject(3260, 2378.68359, -662.31622, 128.36020,   0.00000, 0.00000, 91.00000);
	CreateDynamicObject(3260, 2378.66650, -660.29828, 128.36020,   0.00000, 0.00000, 91.00000);
	CreateDynamicObject(3260, 2377.63647, -663.45612, 128.36020,   0.00000, 0.00000, 0.00000);
	CreateDynamicObject(3260, 2375.63647, -663.45612, 128.36020,   0.00000, 0.00000, 0.00000);
	CreateDynamicObject(3260, 2373.63647, -663.45612, 128.36020,   0.00000, 0.00000, 0.00000);
	CreateDynamicObject(3260, 2371.63647, -663.45612, 128.36020,   0.00000, 0.00000, 0.00000);
	CreateDynamicObject(3260, 2369.63647, -663.45612, 128.36020,   0.00000, 0.00000, 0.00000);
	CreateDynamicObject(3260, 2367.61646, -663.45612, 128.36020,   0.00000, 0.00000, 0.00000);
	CreateDynamicObject(3260, 2365.59888, -663.45001, 128.36020,   0.00000, 0.00000, 0.00000);
	CreateDynamicObject(3260, 2364.70654, -662.41711, 128.36020,   0.00000, 0.00000, -90.00000);
	CreateDynamicObject(3260, 2364.70654, -660.39709, 128.36020,   0.00000, 0.00000, -90.00000);
	CreateDynamicObject(1428, 2356.59351, -651.60498, 128.50830,   0.00000, 0.00000, 0.00000);
	CreateDynamicObject(3265, 2403.33179, -672.88641, 126.34940,   0.00000, 0.00000, 0.00000);
	CreateDynamicObject(3264, 2385.81689, -670.53149, 126.64880,   0.00000, 0.00000, 34.00000);
	CreateDynamicObject(3263, 2405.74927, -674.93292, 126.22210,   0.00000, 0.00000, 0.00000);
	CreateDynamicObject(3262, 2403.99634, -669.41333, 126.58200,   0.00000, 0.00000, 0.00000);
	CreateDynamicObject(3262, 2408.15356, -631.03412, 123.48000,   0.00000, 0.00000, 207.00000);
	CreateDynamicObject(3265, 2393.92212, -623.06635, 123.85760,   0.00000, 0.00000, -217.00000);
	CreateDynamicObject(1368, 2367.39795, -644.61603, 127.40730,   0.00000, 3.00000, 0.00000);
	CreateDynamicObject(1368, 2363.90356, -645.25342, 127.60730,   0.00000, 5.00000, 24.00000);
	CreateDynamicObject(2971, 2382.90991, -662.22809, 127.07920,   0.00000, 6.00000, 0.00000);
	CreateDynamicObject(2971, 2381.67358, -659.85193, 127.07920,   0.00000, 6.00000, 0.00000);
	CreateDynamicObject(3498, 2319.52002, -659.14001, 130.35001,   0.00000, 0.00000, 0.00000);
	CreateDynamicObject(3498, 2319.52002, -659.14001, 139.38000,   0.00000, 0.00000, 0.00000);
	CreateDynamicObject(3498, 2319.51343, -659.13464, 139.47850,   0.00000, 90.00000, -84.00000);
	CreateDynamicObject(3498, 2319.51343, -659.13458, 139.47850,   0.00000, 90.00000, 96.00000);
	CreateDynamicObject(1219, 2320.47656, -657.59015, 129.17680,   0.00000, 0.00000, 0.00000);
	CreateDynamicObject(1219, 2321.06616, -660.16138, 129.17680,   0.00000, 0.00000, 0.00000);
	CreateDynamicObject(1219, 2318.00562, -657.97479, 129.29680,   0.00000, 0.00000, -91.00000);
	CreateDynamicObject(1219, 2318.42017, -660.63464, 129.17680,   0.00000, 0.00000, 0.00000);
	CreateDynamicObject(1219, 2320.62109, -659.11151, 130.63680,   0.00000, 58.00000, 2.00000);
	CreateDynamicObject(1219, 2318.77661, -660.04486, 130.63680,   0.00000, -58.00000, 32.00000);
	CreateDynamicObject(1219, 2318.66699, -657.72644, 130.63680,   0.00000, -58.00000, -55.00000);
	CreateDynamicObject(684, 2322.37939, -669.78137, 130.24870,   3.50000, 0.00000, -69.00000);
	CreateDynamicObject(684, 2321.88501, -668.57318, 130.18871,   4.00000, 0.00000, -69.00000);
	CreateDynamicObject(684, 2314.34424, -649.48499, 130.82870,   0.04000, 0.00000, -69.00000);
	CreateDynamicObject(684, 2314.18896, -648.36072, 131.06870,   0.04000, 0.00000, -69.00000);
	CreateDynamicObject(2590, 2374.81104, -643.23834, 129.98296,   0.00000, 0.00000, 0.00000);
	CreateDynamicObject(1369, 2372.41284, -643.77863, 127.05851,   0.00000, -2.00000, 105.00000);
	CreateDynamicObject(1728, 2353.04321, -651.54834, 127.04900,   0.00000, 0.00000, 270.00000);
	CreateDynamicObject(1728, 2350.50635, -646.62146, 127.04900,   0.00000, 0.00000, 0.00000);
	CreateDynamicObject(2370, 2349.87183, -652.82031, 126.94870,   0.00000, 0.00000, 0.00000);
	CreateDynamicObject(1544, 2350.50122, -652.79688, 127.79410,   0.00000, 0.00000, 0.00000);
	CreateDynamicObject(1544, 2350.54639, -652.59613, 127.79410,   0.00000, 0.00000, 0.00000);
	CreateDynamicObject(1544, 2350.39844, -652.66022, 127.79410,   0.00000, 0.00000, 0.00000);
	CreateDynamicObject(1544, 2350.81055, -652.99866, 127.79410,   0.00000, 0.00000, 0.00000);
	CreateDynamicObject(1665, 2349.88281, -651.96973, 127.81380,   0.00000, 0.00000, 0.00000);
	CreateDynamicObject(1485, 2349.85620, -651.98004, 127.83491,   0.00000, 0.00000, 0.00000);
	CreateDynamicObject(2814, 2349.91040, -652.74298, 127.79420,   0.00000, 0.00000, -236.00000);
	CreateDynamicObject(2762, 2357.05908, -648.48230, 127.42920,   0.00000, 0.00000, 90.00000);
	CreateDynamicObject(2671, 2354.16431, -647.90973, 127.04990,   0.00000, 0.00000, 0.00000);
	CreateDynamicObject(2671, 2350.79614, -657.76007, 127.04990,   0.00000, 0.00000, 0.00000);
	CreateDynamicObject(2063, 2351.55713, -659.08069, 127.90930,   0.00000, 0.00000, 180.00000);
	CreateDynamicObject(2096, 2377.31006, -641.66864, 126.27055,   6.00000, 0.00000, 0.00000);
	CreateDynamicObject(1711, 2352.96558, -657.61078, 127.04820,   0.00000, 0.00000, -135.00000);
	CreateDynamicObject(2057, 2357.14966, -647.79309, 128.02530,   0.00000, 0.00000, 0.00000);
	CreateDynamicObject(2045, 2357.22900, -648.74377, 127.86540,   0.00000, 0.00000, 0.00000);
	CreateDynamicObject(2060, 2355.68091, -650.50269, 127.16950,   0.00000, 0.00000, 0.00000);
	CreateDynamicObject(2060, 2354.51929, -650.50269, 127.16950,   0.00000, 0.00000, 0.00000);
	CreateDynamicObject(2060, 2356.84082, -650.50269, 127.16950,   0.00000, 0.00000, 0.00000);
	CreateDynamicObject(2060, 2356.40088, -650.50269, 127.40950,   0.00000, 0.00000, 0.00000);
	CreateDynamicObject(2060, 2355.30054, -650.52521, 127.40950,   0.00000, 0.00000, 0.00000);
	CreateDynamicObject(2060, 2355.82178, -650.55029, 127.64950,   0.00000, 0.00000, 0.00000);
	CreateDynamicObject(2048, 2353.64233, -652.65308, 129.15260,   0.00000, 0.00000, -90.00000);
	CreateDynamicObject(941, 2379.39282, -641.99432, 126.63877,   0.00000, -2.00000, 104.00000);
	CreateDynamicObject(2045, 2379.27661, -641.80048, 127.17137,   2.00000, 0.00000, 0.00000);
	CreateDynamicObject(1224, 2396.59229, -650.87604, 126.88720,   -2.00000, 0.00000, 0.00000);
	CreateDynamicObject(1224, 2396.53442, -652.31183, 126.90720,   -2.00000, 0.00000, 0.00000);
	CreateDynamicObject(1224, 2381.93164, -642.42291, 126.72720,   -2.00000, 0.00000, 0.00000);
	CreateDynamicObject(1442, 2366.18481, -647.58051, 127.26907,   0.00000, 0.00000, 0.00000);
	CreateDynamicObject(1368, 2396.64453, -654.99615, 127.24962,   0.00000, -2.00000, -67.54000);
	CreateDynamicObject(1711, 2354.45288, -647.13354, 127.04820,   0.00000, 0.00000, 38.99999);
	CreateDynamicObject(12957, 196.46500, -251.95003, 1.22906,   0.00000, 0.00000, -146.70000);
	CreateDynamicObject(1442, 1564.81921, 21.95617, 23.73252,   0.00000, 0.00000, 0.00000);
	CreateDynamicObject(973, 209.57739, -353.88107, 3.73541,   0.00000, -6.50000, -56.85999);
	CreateDynamicObject(973, 204.66948, -345.88934, 2.65190,   0.00000, -6.50000, -60.22003);
	CreateDynamicObject(791, 84.09946, -388.52478, 3.88300,   0.00000, 0.00000, 0.00000);
	CreateDynamicObject(979, -426.42352, -824.71857, 48.66304,   0.00000, -2.00000, -166.85986);
	CreateDynamicObject(979, -435.42514, -827.10352, 48.98639,   0.00000, -2.00000, -163.43997);
	CreateDynamicObject(759, -445.19788, -829.85260, 48.47190,   0.00000, 0.00000, 0.00000);
	CreateDynamicObject(791, 127.99679, -375.87479, 2.44243,   0.00000, 0.00000, 0.00000);
	CreateDynamicObject(791, 169.92882, -373.03802, 2.22834,   0.00000, 0.00000, 0.00000);
	CreateDynamicObject(684, 754.83179, 210.85298, 28.68424,   -6.00000, 0.00000, 0.00000);
	CreateDynamicObject(684, 754.76221, 218.82111, 29.29834,   18.00000, 6.00000, 0.00000);
	CreateDynamicObject(669, 758.83398, 201.64017, 31.10585,   0.00000, 0.00000, 0.00000);
	CreateDynamicObject(669, 805.05383, 237.31134, 34.39256,   0.00000, 0.00000, 0.00000);
	CreateDynamicObject(1684, 489.49353, -277.28839, 10.47014,   0.00000, 1.00000, -165.87999);
	CreateDynamicObject(1684, 526.75403, -217.39200, 16.27755,   0.00000, 2.00000, -141.70000);
	CreateDynamicObject(1684, 526.85449, -217.29257, 13.36354,   0.00000, 2.00000, -141.70000);
	CreateDynamicObject(3864, 516.00122, -229.61591, 19.77885,   0.00000, -8.00000, 31.00000);
	CreateDynamicObject(3864, 496.91107, -275.90488, 15.08128,   0.00000, 0.00000, -85.10000);
	CreateDynamicObject(3577, 510.17920, -268.71381, 9.54376,   0.00000, 1.00000, 4.00000);
	CreateDynamicObject(3380, 625.27887, -263.03137, 7.56296,   0.00000, 0.00000, 96.71999);
	CreateDynamicObject(3864, 452.48279, -284.00159, 14.06505,   0.00000, 6.00000, -144.00000);
	CreateDynamicObject(3576, 482.47659, -279.67459, 10.37255,   0.00000, 1.00000, 20.28000);
	CreateDynamicObject(1224, 521.38116, -220.94427, 15.03556,   0.00000, 0.00000, 0.00000);
	CreateDynamicObject(1224, 520.08063, -222.62657, 14.96104,   0.00000, 0.00000, -47.58000);
	CreateDynamicObject(3380, 359.28824, -336.78326, 11.74220,   0.00000, 0.00000, -60.65998);
	CreateDynamicObject(1427, 428.27759, -308.94461, 6.25897,   0.00000, 0.00000, -76.49997);
	CreateDynamicObject(1427, 513.81274, -268.17838, 9.18913,   0.00000, 0.00000, -96.11998);
	CreateDynamicObject(1224, 500.09012, -276.24301, 9.49199,   0.00000, 0.00000, 0.00000);
	CreateDynamicObject(1224, 500.03265, -274.58444, 9.49199,   0.00000, 0.00000, 0.00000);
	CreateDynamicObject(1224, 456.22711, -291.86139, 8.39657,   4.00000, -6.00000, 0.00000);
	CreateDynamicObject(1224, 457.32669, -290.39490, 8.69639,   8.00000, -2.00000, -40.00000);
	CreateDynamicObject(1221, 490.09875, -273.78662, 9.34160,   0.00000, 0.00000, 16.32000);
	CreateDynamicObject(1221, 489.02646, -274.32578, 9.40139,   0.00000, 0.00000, 16.32000);
	CreateDynamicObject(1221, 483.50659, -277.10785, 9.32097,   0.00000, 0.00000, 16.32000);
	CreateDynamicObject(1224, 493.85178, -272.90643, 9.59314,   0.00000, 0.00000, 0.00000);
	CreateDynamicObject(1224, 494.57803, -268.84561, 9.57315,   0.00000, 0.00000, -25.02000);
	CreateDynamicObject(1684, 437.89471, -302.66510, 7.29384,   0.00000, 2.00000, -155.50000);
	CreateDynamicObject(3577, 431.28561, -305.98019, 6.31628,   0.00000, 0.00000, 26.74000);
	CreateDynamicObject(1224, 431.06277, -295.04083, 6.20254,   0.00000, 0.00000, 8.64000);
	CreateDynamicObject(1224, 433.14261, -294.34015, 6.20254,   0.00000, 0.00000, -39.78000);
	CreateDynamicObject(1221, 451.79031, -286.27679, 8.19320,   6.00000, -4.00000, -6.00000);
	CreateDynamicObject(1221, 451.00180, -285.21359, 8.20572,   8.00000, 0.00000, -52.00000);
	CreateDynamicObject(1427, 558.01813, -206.67281, 16.20721,   2.00000, 0.00000, -82.00000);
	CreateDynamicObject(1427, 557.75061, -200.37816, 16.26711,   -2.00000, 4.00000, -82.00000);
	CreateDynamicObject(1449, 439.90732, -299.27942, 6.30792,   0.00000, 2.00000, -154.88004);
	CreateDynamicObject(2671, 2082.39258, 43.20378, 25.33989,   0.00000, 0.00000, 0.00000);
	CreateDynamicObject(2671, 2083.92603, 45.27612, 25.33989,   0.00000, 0.00000, 0.00000);
	CreateDynamicObject(2671, 2079.83960, 45.40368, 25.33989,   0.00000, 0.00000, 0.00000);
	CreateDynamicObject(2671, 2075.48462, 44.93639, 25.33989,   0.00000, 0.00000, 0.00000);
	CreateDynamicObject(2415, 2079.62866, 43.53710, 21.55950,   0.00000, 0.00000, 0.00000);
	CreateDynamicObject(2415, 2083.23901, 43.81030, 21.55950,   0.00000, 0.00000, 0.00000);
	CreateDynamicObject(3504, 2183.26489, 99.77030, 26.79020,   0.00000, 0.00000, 90.00000);
	CreateDynamicObject(3504, 2183.30908, 98.23740, 26.79017,   0.00000, 0.00000, 90.00000);
	CreateDynamicObject(1365, 2149.57690, 95.97394, 27.32869,   0.00000, 0.00000, 31.38000);
	CreateDynamicObject(1365, 2147.21655, 80.59666, 27.05116,   0.00000, 0.00000, -49.07999);
	CreateDynamicObject(3633, 2161.74414, 80.27126, 26.78261,   0.00000, 0.00000, 0.00000);
	CreateDynamicObject(3633, 2172.40967, 105.72033, 25.15300,   0.00000, 0.00000, 0.00000);
	CreateDynamicObject(973, 1626.47742, 91.34257, 36.97713,   0.00000, 0.00000, 95.51997);
	CreateDynamicObject(973, 1625.63330, 100.63177, 36.96685,   0.00000, 0.00000, 94.98001);
	CreateDynamicObject(762, 1590.30273, 105.18537, 36.83475,   0.00000, 0.00000, 0.00000);
	CreateDynamicObject(762, 1588.76147, 96.14697, 37.83358,   0.00000, 0.00000, 0.00000);
	CreateDynamicObject(762, 1582.07544, 101.82464, 34.67139,   0.00000, 0.00000, 0.00000);
	CreateDynamicObject(709, 1563.69592, 43.14722, 23.48098,   0.00000, 0.00000, 0.00000);
	CreateDynamicObject(709, 1486.17725, 58.15245, 28.18914,   0.00000, 0.00000, 0.00000);
	CreateDynamicObject(1422, 761.79053, -164.00061, 17.89795,   0.00000, 0.00000, -4.68000);
	CreateDynamicObject(1427, 767.01056, -166.00450, 18.00754,   0.00000, 0.00000, -92.45998);
	CreateDynamicObject(1459, 773.53809, -167.46814, 17.85562,   0.00000, 0.00000, 88.92002);
	CreateDynamicObject(1224, 756.05072, -167.22542, 18.05196,   0.00000, 0.00000, 0.00000);
	CreateDynamicObject(3865, 751.77246, -162.86926, 15.06646,   -33.00000, 0.00000, 19.46000);
	CreateDynamicObject(2415, 753.44330, -165.81229, 13.25264,   0.00000, 0.00000, 0.00000);
	CreateDynamicObject(1459, 616.05920, -271.79871, 8.19744,   0.00000, 0.00000, 96.30001);
	CreateDynamicObject(1459, 614.94031, -264.77985, 8.13747,   0.00000, 0.00000, 96.30001);
	CreateDynamicObject(1459, 526.65918, -275.62952, 8.78993,   0.00000, 0.00000, 92.16000);
	CreateDynamicObject(1459, 526.35699, -268.66986, 8.65004,   0.00000, 0.00000, 92.16000);
	CreateDynamicObject(1427, 513.83008, -269.98520, 9.16913,   0.00000, 0.00000, -82.31998);
	CreateDynamicObject(1459, 426.22946, -295.33798, 6.16724,   0.00000, 0.00000, 8.64000);
	CreateDynamicObject(1427, 427.73511, -306.28336, 6.19318,   0.00000, 0.00000, -68.57997);
	CreateDynamicObject(1459, 428.96091, -294.88547, 6.17503,   0.00000, 0.00000, 8.64000);
	CreateDynamicObject(1459, 377.64124, -316.32043, 12.82096,   -2.00000, -2.00000, -63.45997);
	CreateDynamicObject(1459, 384.57370, -320.29669, 13.28737,   0.00000, -2.00000, -70.00000);
	CreateDynamicObject(3865, 752.11475, -163.82236, 13.82273,   -33.00000, 0.00000, 19.46000);
	CreateDynamicObject(3865, 759.03662, -163.81784, 13.73395,   -33.00000, 0.00000, -57.88000);
	CreateDynamicObject(3865, 755.42017, -167.27423, 13.66742,   40.00000, 0.00000, -87.64003);
	CreateDynamicObject(2415, 757.48474, -165.78517, 13.25264,   0.00000, 0.00000, 0.00000);
	CreateDynamicObject(1427, 766.88654, -168.39441, 17.94790,   0.00000, 0.00000, -92.16000);
	CreateDynamicObject(1422, 766.57678, -164.40269, 17.89808,   0.00000, 0.00000, -4.50000);
	CreateDynamicObject(1422, 771.62042, -164.82127, 17.89800,   0.00000, 0.00000, -4.32000);
	CreateDynamicObject(1422, 755.61444, -163.45338, 17.89800,   0.00000, 0.00000, -4.50000);
	CreateDynamicObject(1422, 749.55341, -162.98050, 18.13330,   0.00000, 3.00000, -4.00000);
	CreateDynamicObject(1427, 746.98108, -163.95943, 18.29556,   0.00000, 0.00000, -92.45998);
	CreateDynamicObject(1427, 746.85187, -166.54668, 18.27636,   0.00000, 0.00000, -92.45998);
	CreateDynamicObject(1459, 742.67670, -164.55855, 18.51892,   0.00000, 0.00000, 88.92002);
	CreateDynamicObject(1358, 762.81232, -166.56541, 18.71933,   0.00000, 0.00000, -52.38000);
	CreateDynamicObject(1224, 749.45819, -168.42558, 18.10149,   0.00000, 0.00000, 0.00000);
	CreateDynamicObject(852, 753.76776, -166.54843, 17.42035,   0.00000, 0.00000, 0.00000);
	CreateDynamicObject(852, 757.85638, -166.52242, 17.40660,   0.00000, 0.00000, 0.00000);
	CreateDynamicObject(854, 755.58405, -164.83418, 17.69322,   0.00000, 0.00000, 0.00000);
	CreateDynamicObject(854, 761.03308, -167.63083, 17.69322,   0.00000, 0.00000, 0.00000);
	CreateDynamicObject(854, 750.87170, -164.91914, 17.69322,   0.00000, 0.00000, 0.00000);
	CreateDynamicObject(851, 751.97260, -166.64583, 17.72789,   0.00000, 0.00000, 0.00000);
	CreateDynamicObject(1685, 503.95624, -275.59897, 9.56067,   0.00000, 0.00000, 0.00000);
	CreateDynamicObject(1685, 506.39386, -275.87177, 9.58747,   0.00000, 0.00000, 0.00000);
	CreateDynamicObject(1224, 507.40842, -269.24213, 9.43608,   0.00000, 0.00000, 0.00000);
	CreateDynamicObject(1685, 474.05939, -283.86926, 9.39740,   0.00000, 0.00000, 17.94000);
	CreateDynamicObject(1685, 474.05478, -283.84979, 10.87237,   0.00000, 0.00000, 17.94000);
	CreateDynamicObject(1685, 472.02441, -283.64627, 9.93959,   0.00000, 0.00000, 17.94000);
	CreateDynamicObject(1685, 472.02441, -283.64630, 11.42840,   0.00000, 0.00000, 17.94000);
	CreateDynamicObject(1685, 475.69287, -282.09747, 9.67941,   0.00000, 0.00000, 17.94000);
	CreateDynamicObject(1685, 475.69287, -282.09747, 11.17852,   0.00000, 0.00000, 17.94000);
	CreateDynamicObject(1221, 480.59308, -274.55737, 9.32164,   0.00000, 0.00000, 16.32000);
	CreateDynamicObject(1221, 482.28073, -272.36435, 9.32164,   0.00000, 0.00000, 16.32000);
	CreateDynamicObject(3577, 423.29590, -297.24570, 6.64027,   -7.00000, 0.00000, -77.00000);
	CreateDynamicObject(12861, 63.56959, -266.07242, 0.37967,   0.00000, 0.00000, 0.00000);
	CreateDynamicObject(791, 597.39441, -350.01315, 20.13450,   0.00000, 0.00000, 0.00000);
	CreateDynamicObject(791, 753.03174, -399.21567, 12.00024,   0.00000, 0.00000, 0.00000);
	CreateDynamicObject(1685, 502.49902, -273.50052, 9.53851,   0.00000, 0.00000, 0.00000);
	CreateDynamicObject(1685, 498.63278, -268.39389, 9.67640,   0.00000, 0.00000, 8.22000);
	CreateDynamicObject(1685, 500.66110, -268.04825, 9.63775,   0.00000, 0.00000, 8.22000);
	CreateDynamicObject(1224, 463.39590, -286.61267, 9.82266,   0.00000, 0.00000, -58.31999);
	CreateDynamicObject(1685, 442.51062, -297.51447, 6.71594,   0.00000, 0.00000, 23.58000);
	CreateDynamicObject(1685, 442.51062, -297.51447, 8.20974,   0.00000, 0.00000, 23.58000);
	CreateDynamicObject(1685, 443.68878, -299.26019, 6.71594,   0.00000, 0.00000, 23.58000);
	CreateDynamicObject(1685, 445.05426, -296.83173, 6.89258,   0.00000, 0.00000, 23.58000);
	CreateDynamicObject(1685, 478.63470, -274.27109, 9.79257,   0.00000, 0.00000, 17.94000);
	CreateDynamicObject(1685, 478.63470, -274.27109, 11.28240,   0.00000, 0.00000, 17.94000);
	CreateDynamicObject(1685, 476.64233, -274.99576, 9.87908,   0.00000, 0.00000, 17.94000);
	CreateDynamicObject(1685, 491.96793, -273.43839, 9.75536,   0.00000, 0.00000, 9.96000);
	CreateDynamicObject(1685, 487.39069, -274.48596, 9.65144,   0.00000, 0.00000, 9.96000);
	CreateDynamicObject(1685, 480.47421, -272.94766, 9.55317,   0.00000, 0.00000, 17.94000);
	CreateDynamicObject(1221, 482.17581, -273.69476, 9.28542,   0.00000, 0.00000, -16.56000);
	CreateDynamicObject(1685, 496.53296, -268.68631, 9.68800,   0.00000, 0.00000, 8.22000);
	CreateDynamicObject(1224, 498.80746, -270.13922, 9.49317,   0.00000, 0.00000, 10.62000);
	CreateDynamicObject(791, 596.57190, -309.38000, 12.95616,   0.00000, 0.00000, 0.00000);
	CreateDynamicObject(791, 510.35263, -374.60580, 27.43500,   0.00000, 0.00000, 0.00000);
	CreateDynamicObject(791, 747.43958, -342.01892, 4.89916,   0.00000, 0.00000, 0.00000);
	CreateDynamicObject(791, 727.63788, -295.93433, 4.79314,   0.00000, 0.00000, 0.00000);
	CreateDynamicObject(791, 656.35919, -300.37653, 4.97620,   0.00000, 0.00000, 0.00000);
	CreateDynamicObject(694, 567.49573, -307.74957, 19.44285,   0.00000, 0.00000, 0.00000);
	CreateDynamicObject(8535, 333.61966, -1832.16003, 8.97890,   0.00000, 0.00000, -90.00000);
	CreateDynamicObject(8535, 333.61969, -1832.16003, -3.59363,   180.00000, 0.00000, -90.00000);
	CreateDynamicObject(11496, 2953.38574, -1489.02588, 0.43618,   0.00000, 0.00000, -10.32000);
	CreateDynamicObject(11496, 2950.51758, -1504.75537, 0.43618,   0.00000, 0.00000, -10.32000);
	CreateDynamicObject(11496, 2956.23730, -1473.30127, 0.43618,   0.00000, 0.00000, -10.32000);
	CreateDynamicObject(11496, -84.61561, -571.52441, 0.84700,   0.00000, 0.00000, -45.00000);
	CreateDynamicObject(11496, -83.19090, -572.95062, 0.84000,   0.00000, 0.00000, 135.00000);
	CreateDynamicObject(11496, -95.93153, -582.80463, 0.84700,   0.00000, 0.00000, -45.00000);
	CreateDynamicObject(11496, -94.47050, -584.22711, 0.84000,   0.00000, 0.00000, 135.00000);
	CreateDynamicObject(11496, -107.25070, -579.27838, 0.84000,   0.00000, 0.00000, 45.00000);
	CreateDynamicObject(11496, -90.96100, -595.54218, 0.84000,   0.00000, 0.00000, 45.00000);
	CreateDynamicObject(11496, -105.80100, -577.83502, 0.84700,   0.00000, 0.00000, -135.00000);
	CreateDynamicObject(11496, -89.51790, -594.09723, 0.84700,   0.00000, 0.00000, -135.00000);
	CreateDynamicObject(11496, 399.67770, -1916.95496, 0.33820,   0.00000, 0.00000, 0.00000);
	CreateDynamicObject(11496, 360.69791, -1901.60510, 0.43320,   0.00000, 0.00000, 180.00000);
	CreateDynamicObject(11496, 360.69791, -1917.58997, 0.43320,   0.00000, 0.00000, 180.00000);
	CreateDynamicObject(11496, 399.67770, -1900.96228, 0.33820,   0.00000, 0.00000, 0.00000);
	CreateDynamicObject(11496, 401.72000, -1916.93689, 0.33500,   0.00000, 0.00000, 180.00000);
	CreateDynamicObject(14469, -80.56245, -548.88269, 2.73820,   0.00000, 0.00000, 0.00000);
	CreateDynamicObject(14469, -60.11817, -550.36664, 2.91989,   0.00000, 0.00000, -48.36000);
	CreateDynamicObject(1243, -159.95396, -693.25922, -3.15449,   0.00000, 0.00000, 0.00000);
	CreateDynamicObject(1243, -228.47105, -518.65076, -3.15449,   0.00000, 0.00000, 0.00000);
	CreateDynamicObject(1224, -83.16555, -574.62689, 1.63501,   0.00000, 0.00000, -20.88002);
	CreateDynamicObject(1224, -82.15150, -573.33234, 1.63501,   0.00000, 0.00000, -45.96002);
	CreateDynamicObject(1461, -87.52479, -572.38617, 1.79353,   0.00000, 0.00000, 42.00000);
	CreateDynamicObject(1224, -98.33935, -589.47144, 1.63501,   0.00000, 0.00000, -20.88002);
	CreateDynamicObject(1224, -97.01848, -590.53113, 1.63501,   0.00000, 0.00000, -45.90002);
	CreateDynamicObject(1224, -110.37780, -572.39771, 1.63501,   0.00000, 0.00000, -40.92002);
	CreateDynamicObject(1224, -108.83073, -572.95538, 1.63501,   0.00000, 0.00000, -40.92002);
	CreateDynamicObject(1461, -102.80934, -586.16937, 1.79353,   0.00000, 0.00000, 135.00011);
	CreateDynamicObject(1461, -106.64613, -575.04156, 1.79353,   0.00000, 0.00000, -47.03987);
	CreateDynamicObject(1461, -86.91526, -594.97778, 1.79353,   0.00000, 0.00000, -47.03987);
	CreateDynamicObject(3615, -65.92017, -565.85632, 3.68990,   0.00000, 0.00000, 0.00000);
	CreateDynamicObject(3615, -42.25392, -556.25146, 3.43252,   0.00000, 0.00000, 70.97999);
	CreateDynamicObject(14469, -63.57133, -564.56531, 2.15723,   0.00000, 0.00000, -10.80000);
	CreateDynamicObject(14469, -36.11225, -551.31750, 2.18496,   0.00000, 0.00000, -105.12000);
	CreateDynamicObject(14469, -40.35600, -554.28809, 2.18496,   0.00000, 0.00000, -142.62000);
	CreateDynamicObject(11496, -47.83469, -573.76923, 0.84700,   0.00000, 0.00000, -135.00000);
	CreateDynamicObject(11496, -49.27289, -575.20905, 0.84000,   0.00000, 0.00000, 45.00000);
	CreateDynamicObject(11496, -37.98378, -586.50659, 0.84000,   0.00000, 0.00000, 45.00000);
	CreateDynamicObject(11496, -36.52263, -585.05573, 0.84700,   0.00000, 0.00000, -135.00000);
	CreateDynamicObject(1224, -45.61693, -580.41357, 1.63501,   0.00000, 0.00000, -45.90002);
	CreateDynamicObject(1224, -46.83769, -578.78815, 1.63501,   0.00000, 0.00000, -69.72002);
	CreateDynamicObject(1461, -51.77901, -575.10675, 1.79353,   0.00000, 0.00000, 135.06010);
	CreateDynamicObject(1461, -33.82703, -585.79553, 1.79350,   0.00000, 0.00000, -45.00000);
	CreateDynamicObject(1449, 2954.36841, -1475.29138, 1.08531,   0.00000, 0.00000, 78.78001);
	CreateDynamicObject(1438, 2955.16992, -1477.88501, 0.59354,   0.00000, 0.00000, 161.27998);
	CreateDynamicObject(1431, 2955.37109, -1472.97253, 1.17379,   0.00000, 0.00000, -93.71998);
	CreateDynamicObject(1431, 2956.80591, -1473.03406, 1.17379,   0.00000, 0.00000, -110.27999);
	CreateDynamicObject(1431, 2956.40454, -1471.43005, 1.17379,   0.00000, 0.00000, -180.66000);
	CreateDynamicObject(1280, 2952.34570, -1487.51428, 0.99055,   0.00000, 0.00000, -190.08003);
	CreateDynamicObject(1280, 2950.70850, -1495.53064, 0.99055,   0.00000, 0.00000, -191.81996);
	CreateDynamicObject(1280, 2948.77148, -1504.64392, 0.99055,   0.00000, 0.00000, -191.51997);
	CreateDynamicObject(1223, 2954.28760, -1474.14648, 4.23632,   0.00000, 0.00000, -13.20000);
	CreateDynamicObject(1223, 2955.13501, -1466.52832, 7.65155,   0.00000, 0.00000, -13.20000);
	CreateDynamicObject(1223, 2952.98633, -1483.81006, 0.60862,   0.00000, 0.00000, -13.20000);
	CreateDynamicObject(1224, 2954.69922, -1499.21216, 1.20393,   0.00000, 0.00000, 0.00000);
	CreateDynamicObject(1224, 2954.64844, -1501.10608, 1.20393,   0.00000, 0.00000, -31.68000);
	CreateDynamicObject(1224, 2948.55908, -1509.26538, 1.20393,   0.00000, 0.00000, -98.75999);
	CreateDynamicObject(1461, 2955.84570, -1497.52563, 1.41449,   0.00000, 0.00000, -101.57999);
	CreateDynamicObject(1461, 2958.73682, -1481.78369, 1.41449,   0.00000, 0.00000, -101.57999);
	CreateDynamicObject(1461, 2956.28442, -1465.74780, 1.41449,   0.00000, 0.00000, -285.05988);
	CreateDynamicObject(1224, 2956.08203, -1469.80396, 1.19121,   0.00000, 0.00000, -12.42000);
	CreateDynamicObject(1224, 2956.48975, -1467.91748, 1.19121,   0.00000, 0.00000, -56.22000);
	CreateDynamicObject(1223, 2957.10815, -1491.57141, 0.60862,   0.00000, 0.00000, -13.20000);
	CreateDynamicObject(1223, 2953.34375, -1512.17261, 0.60862,   0.00000, 0.00000, -13.20000);
	CreateDynamicObject(1223, 2959.83472, -1477.10254, 0.60862,   0.00000, 0.00000, -13.20000);
	CreateDynamicObject(1223, 2961.55933, -1467.32837, 0.60862,   0.00000, 0.00000, -13.20000);
	CreateDynamicObject(1223, -30.35184, -588.16339, 0.99986,   0.00000, 0.00000, 45.00000);
	CreateDynamicObject(1223, -34.81514, -592.74274, 0.99990,   0.00000, 0.00000, -135.00000);
	CreateDynamicObject(1223, -45.13255, -582.44336, 0.99990,   0.00000, 0.00000, -135.00000);
	CreateDynamicObject(1223, -40.77224, -577.87891, 0.99986,   0.00000, 0.00000, 45.00000);
	CreateDynamicObject(1223, -48.56063, -569.86810, 0.99986,   0.00000, 0.00000, 45.00000);
	CreateDynamicObject(1223, -53.08190, -574.45099, 0.99990,   0.00000, 0.00000, -135.00000);
	CreateDynamicObject(1223, -87.71898, -601.91840, 0.99990,   0.00000, 0.00000, -135.00000);
	CreateDynamicObject(1223, -83.18259, -597.29309, 0.99986,   0.00000, 0.00000, 45.00000);
	CreateDynamicObject(1223, -108.95334, -571.66156, 0.99986,   0.00000, 0.00000, 45.00000);
	CreateDynamicObject(1223, -97.10971, -592.45013, 0.99990,   0.00000, 0.00000, -135.00000);
	CreateDynamicObject(1223, -104.11452, -585.46680, 0.99990,   0.00000, 0.00000, -135.00000);
	CreateDynamicObject(1223, -113.42180, -576.23950, 0.99990,   0.00000, 0.00000, -135.00000);
	CreateDynamicObject(1223, -91.86351, -575.61353, 0.99990,   0.00000, 0.00000, 135.00000);
	CreateDynamicObject(1223, -87.27605, -580.03192, 0.99990,   0.00000, 0.00000, -45.00000);
	CreateDynamicObject(1223, 356.58698, -1909.65625, 0.59790,   0.00000, 0.00000, -180.00000);
	CreateDynamicObject(1223, 356.50641, -1924.36963, 0.59790,   0.00000, 0.00000, -180.00000);
	CreateDynamicObject(1280, 360.52649, -1917.83459, 1.02653,   0.00000, 0.00000, 0.00000);
	CreateDynamicObject(1280, 360.53049, -1901.52417, 1.02653,   0.00000, 0.00000, 0.00000);
	CreateDynamicObject(1431, 360.56757, -1911.10754, 1.14313,   0.00000, 0.00000, 84.18001);
	CreateDynamicObject(1431, 360.34650, -1908.74780, 1.14313,   0.00000, 0.00000, 84.18001);
	CreateDynamicObject(1461, 357.25519, -1904.20166, 1.40220,   0.00000, 0.00000, 90.59998);
	CreateDynamicObject(1461, 360.57837, -1924.98291, 1.40220,   0.00000, 0.00000, -90.00000);
	CreateDynamicObject(1224, 360.06564, -1923.48096, 1.21776,   0.00000, 0.00000, 0.00000);
	CreateDynamicObject(1224, 359.93912, -1921.83020, 1.21776,   0.00000, 0.00000, -25.68000);
	CreateDynamicObject(1280, 398.76920, -1911.95264, 0.88186,   0.00000, 0.00000, 180.00000);
	CreateDynamicObject(1223, 397.84775, -1923.52637, 0.49962,   0.00000, 0.00000, -180.00000);
	CreateDynamicObject(1223, 403.81732, -1923.48840, 0.49960,   0.00000, 0.00000, 0.00000);
	CreateDynamicObject(1280, 398.64087, -1900.73572, 0.88186,   0.00000, 0.00000, 180.00000);
	CreateDynamicObject(1224, 398.11835, -1917.02808, 1.09312,   0.00000, 0.00000, -80.93999);
	CreateDynamicObject(1224, 398.53354, -1918.49597, 1.09312,   0.00000, 0.00000, -1.02000);
	CreateDynamicObject(1224, 399.60962, -1916.46570, 1.09312,   0.00000, 0.00000, 14.82000);
	CreateDynamicObject(1223, 403.82321, -1908.86768, 0.49960,   0.00000, 0.00000, 0.00000);
	CreateDynamicObject(1461, 403.15256, -1898.42419, 1.32142,   0.00000, 0.00000, -87.66000);
	CreateDynamicObject(1461, 403.18512, -1914.39807, 1.32142,   0.00000, 0.00000, -87.66000);
	CreateDynamicObject(1461, 397.80634, -1919.94958, 1.32142,   0.00000, 0.00000, -1.86000);
	CreateDynamicObject(1271, 398.63287, -1895.88110, 0.86786,   0.00000, 0.00000, 0.00000);
	CreateDynamicObject(1271, 398.80066, -1896.77429, 0.86786,   0.00000, 0.00000, -23.82000);
	CreateDynamicObject(1271, 398.71762, -1894.94495, 0.86786,   0.00000, 0.00000, 0.00000);